{
    "METADATA_SPEC_VERSION": "SINGLE_TABLE_V1",
    "columns": {
        "ambient_K": {
            "sdtype": "numerical",
            "computer_representation": "Float"
        },
        "process_K": {
            "sdtype": "numerical",
            "computer_representation": "Float"
        },
        "temp_difference_K": {
            "sdtype": "numerical",
            "computer_representation": "Float"
        },
        "spindle_bearing_C": {
            "sdtype": "numerical",
            "computer_representation": "Float"
        }
    }
}