{
    "METADATA_SPEC_VERSION": "SINGLE_TABLE_V1",
    "columns": {
        "discharge_air_temp_C": {
            "sdtype": "numerical",
            "computer_representation": "Float"
        },
        "oil_temp_C": {
            "sdtype": "numerical",
            "computer_representation": "Float"
        },
        "motor_winding_temp_C": {
            "sdtype": "numerical",
            "computer_representation": "Float"
        },
        "ambient_temp_C": {
            "sdtype": "numerical",
            "computer_representation": "Float"
        },
        "rms_velocity_mm_s": {
            "sdtype": "numerical",
            "computer_representation": "Float"
        },
        "current_A": {
            "sdtype": "numerical",
            "computer_representation": "Float"
        },
        "power_factor": {
            "sdtype": "numerical",
            "computer_representation": "Float"
        },
        "discharge_pressure_bar": {
            "sdtype": "numerical",
            "computer_representation": "Float"
        },
        "suction_pressure_bar": {
            "sdtype": "numerical",
            "computer_representation": "Float"
        },
        "air_flow_cfm": {
            "sdtype": "numerical",
            "computer_representation": "Float"
        }
    }
}