{
    "METADATA_SPEC_VERSION": "SINGLE_TABLE_V1",
    "columns": {
        "cylinder_head_1st_stage_C": {
            "sdtype": "numerical"
        },
        "cylinder_head_2nd_stage_C": {
            "sdtype": "numerical"
        },
        "oil_temp_C": {
            "sdtype": "numerical",
            "computer_representation": "Float"
        },
        "overall_rms_mm_s": {
            "sdtype": "numerical",
            "computer_representation": "Float"
        },
        "motor_current_a": {
            "sdtype": "numerical",
            "computer_representation": "Float"
        }
    }
}