{
    "METADATA_SPEC_VERSION": "SINGLE_TABLE_V1",
    "columns": {
        "motor_temp_C": {
            "sdtype": "numerical",
            "computer_representation": "Float"
        },
        "gearbox_temp_C": {
            "sdtype": "numerical",
            "computer_representation": "Float"
        },
        "motor_vibration_mm_s": {
            "sdtype": "numerical",
            "computer_representation": "Float"
        },
        "motor_current_a": {
            "sdtype": "numerical",
            "computer_representation": "Float"
        }
    }
}