{
    "METADATA_SPEC_VERSION": "SINGLE_TABLE_V1",
    "columns": {
        "bearing_inboard_temp_C": {
            "sdtype": "numerical",
            "computer_representation": "Float"
        },
        "bearing_outboard_temp_C": {
            "sdtype": "numerical",
            "computer_representation": "Float"
        },
        "motor_temp_C": {
            "sdtype": "numerical",
            "computer_representation": "Float"
        },
        "overall_rms_mm_s": {
            "sdtype": "numerical",
            "computer_representation": "Float"
        },
        "motor_current_a": {
            "sdtype": "numerical",
            "computer_representation": "Float"
        },
        "power_kW": {
            "sdtype": "numerical",
            "computer_representation": "Float"
        }
    }
}