{
    "METADATA_SPEC_VERSION": "SINGLE_TABLE_V1",
    "columns": {
        "motor_temp_C": {
            "sdtype": "numerical",
            "computer_representation": "Float"
        },
        "bearing_temp_C": {
            "sdtype": "numerical",
            "computer_representation": "Float"
        },
        "overall_rms_mm_s": {
            "sdtype": "numerical",
            "computer_representation": "Float"
        },
        "current_a": {
            "sdtype": "numerical",
            "computer_representation": "Float"
        },
        "power_kW": {
            "sdtype": "numerical",
            "computer_representation": "Float"
        },
        "sound_pressure_level_dBA": {
            "sdtype": "numerical",
            "computer_representation": "Float"
        }
    }
}