{
    "METADATA_SPEC_VERSION": "SINGLE_TABLE_V1",
    "columns": {
        "oil_temp_C": {
            "sdtype": "numerical",
            "computer_representation": "Float"
        },
        "pump_case_temp_C": {
            "sdtype": "numerical",
            "computer_representation": "Float"
        },
        "pump_vibration_mm_s": {
            "sdtype": "numerical",
            "computer_representation": "Float"
        },
        "cycle_time_seconds": {
            "sdtype": "numerical"
        },
        "force_accuracy_percent": {
            "sdtype": "numerical"
        }
    }
}