{
    "METADATA_SPEC_VERSION": "SINGLE_TABLE_V1",
    "columns": {
        "bearing_de_temp_C": {
            "sdtype": "numerical",
            "computer_representation": "Float"
        },
        "bearing_nde_temp_C": {
            "sdtype": "numerical",
            "computer_representation": "Float"
        },
        "winding_temp_C": {
            "sdtype": "numerical",
            "computer_representation": "Float"
        },
        "frame_temp_C": {
            "sdtype": "numerical",
            "computer_representation": "Float"
        },
        "overall_rms_mm_s": {
            "sdtype": "numerical",
            "computer_representation": "Float"
        },
        "axial_mm_s": {
            "sdtype": "numerical",
            "computer_representation": "Float"
        },
        "current_a": {
            "sdtype": "numerical",
            "computer_representation": "Float"
        },
        "power_factor": {
            "sdtype": "numerical",
            "computer_representation": "Float"
        },
        "current_imbalance_percent": {
            "sdtype": "numerical",
            "computer_representation": "Float"
        },
        "sound_pressure_level_dBA": {
            "sdtype": "numerical",
            "computer_representation": "Float"
        }
    }
}