{
    "METADATA_SPEC_VERSION": "SINGLE_TABLE_V1",
    "columns": {
        "bearing_de_temp_C": {
            "sdtype": "numerical",
            "computer_representation": "Float"
        },
        "bearing_nde_temp_C": {
            "sdtype": "numerical",
            "computer_representation": "Float"
        },
        "winding_temp_C": {
            "sdtype": "numerical",
            "computer_representation": "Float"
        },
        "casing_temp_C": {
            "sdtype": "numerical",
            "computer_representation": "Float"
        },
        "ambient_temp_C": {
            "sdtype": "numerical",
            "computer_representation": "Float"
        },
        "rms_velocity_mm_s": {
            "sdtype": "numerical",
            "computer_representation": "Float"
        },
        "peak_velocity_mm_s": {
            "sdtype": "numerical",
            "computer_representation": "Float"
        },
        "bpfo_frequency_hz": {
            "sdtype": "numerical"
        },
        "bpfi_frequency_hz": {
            "sdtype": "numerical"
        },
        "current_25pct_load_A": {
            "sdtype": "numerical",
            "computer_representation": "Float"
        },
        "current_50pct_load_A": {
            "sdtype": "numerical",
            "computer_representation": "Float"
        },
        "current_75pct_load_A": {
            "sdtype": "numerical",
            "computer_representation": "Float"
        },
        "current_100pct_load_A": {
            "sdtype": "numerical",
            "computer_representation": "Float"
        },
        "current_no_load_A": {
            "sdtype": "numerical",
            "computer_representation": "Float"
        },
        "voltage_phase_to_phase_V": {
            "sdtype": "numerical",
            "computer_representation": "Float"
        },
        "power_factor_100pct": {
            "sdtype": "numerical",
            "computer_representation": "Float"
        },
        "power_factor_75pct": {
            "sdtype": "numerical",
            "computer_representation": "Float"
        },
        "power_factor_50pct": {
            "sdtype": "numerical",
            "computer_representation": "Float"
        },
        "efficiency_100pct": {
            "sdtype": "numerical"
        },
        "efficiency_75pct": {
            "sdtype": "numerical"
        },
        "efficiency_50pct": {
            "sdtype": "numerical"
        },
        "sound_level_dBA": {
            "sdtype": "numerical",
            "computer_representation": "Float"
        }
    }
}