{
    "METADATA_SPEC_VERSION": "SINGLE_TABLE_V1",
    "columns": {
        "bearing_de_temp_C": {
            "sdtype": "numerical",
            "computer_representation": "Float"
        },
        "bearing_nde_temp_C": {
            "sdtype": "numerical",
            "computer_representation": "Float"
        },
        "overall_rms_mm_s": {
            "sdtype": "numerical",
            "computer_representation": "Float"
        },
        "pump_efficiency_percent": {
            "sdtype": "numerical"
        }
    }
}