{
    "METADATA_SPEC_VERSION": "SINGLE_TABLE_V1",
    "columns": {
        "bearing_temp_C": {
            "sdtype": "numerical",
            "computer_representation": "Float"
        },
        "motor_winding_temp_C": {
            "sdtype": "numerical",
            "computer_representation": "Float"
        },
        "liquid_temp_C": {
            "sdtype": "numerical",
            "computer_representation": "Float"
        },
        "overall_rms_mm_s": {
            "sdtype": "numerical",
            "computer_representation": "Float"
        },
        "axial_mm_s": {
            "sdtype": "numerical",
            "computer_representation": "Float"
        },
        "current_a": {
            "sdtype": "numerical",
            "computer_representation": "Float"
        },
        "power_consumption_kW": {
            "sdtype": "numerical",
            "computer_representation": "Float"
        },
        "power_factor": {
            "sdtype": "numerical",
            "computer_representation": "Float"
        },
        "pump_efficiency_percent": {
            "sdtype": "numerical",
            "computer_representation": "Float"
        },
        "sound_pressure_level_dBA": {
            "sdtype": "numerical",
            "computer_representation": "Float"
        }
    }
}