{
    "METADATA_SPEC_VERSION": "SINGLE_TABLE_V1",
    "columns": {
        "J1_motor_temp_C": {
            "sdtype": "numerical",
            "computer_representation": "Float"
        },
        "J2_motor_temp_C": {
            "sdtype": "numerical",
            "computer_representation": "Float"
        },
        "base_vibration_mm_s": {
            "sdtype": "numerical",
            "computer_representation": "Float"
        },
        "cycle_time_seconds": {
            "sdtype": "numerical"
        },
        "position_error_mm": {
            "sdtype": "numerical"
        }
    }
}