{
    "METADATA_SPEC_VERSION": "SINGLE_TABLE_V1",
    "columns": {
        "T2_fan_inlet_R": {
            "sdtype": "numerical",
            "computer_representation": "Float"
        },
        "T24_lpc_outlet_R": {
            "sdtype": "numerical",
            "computer_representation": "Float"
        },
        "T30_hpc_outlet_R": {
            "sdtype": "numerical",
            "computer_representation": "Float"
        },
        "T50_lpt_outlet_R": {
            "sdtype": "numerical",
            "computer_representation": "Float"
        },
        "P2_fan_inlet_psia": {
            "sdtype": "numerical",
            "computer_representation": "Float"
        },
        "P15_bypass_psia": {
            "sdtype": "numerical",
            "computer_representation": "Float"
        },
        "P30_hpc_outlet_psia": {
            "sdtype": "numerical",
            "computer_representation": "Float"
        },
        "Ps30_static_hpc_psia": {
            "sdtype": "numerical",
            "computer_representation": "Float"
        }
    }
}