{
  "total_machines": 16,
  "successful": 16,
  "failed": 0,
  "total_time_minutes": 19.042412491639457,
  "results": [
    {
      "machine_id": "motor_weg_w22_003",
      "status": "SUCCESS",
      "training_time_minutes": 1.6997631867726644,
      "quality_score": 0.883
    },
    {
      "machine_id": "pump_ksb_etanorm_006",
      "status": "SUCCESS",
      "training_time_minutes": 1.1222174882888794,
      "quality_score": 0.86
    },
    {
      "machine_id": "fan_ebm_papst_a3g710_007",
      "status": "SUCCESS",
      "training_time_minutes": 1.3039879600207012,
      "quality_score": 0.889
    },
    {
      "machine_id": "fan_howden_buffalo_008",
      "status": "SUCCESS",
      "training_time_minutes": 1.3006471832593283,
      "quality_score": 0.879
    },
    {
      "machine_id": "compressor_ingersoll_rand_2545_009",
      "status": "SUCCESS",
      "training_time_minutes": 1.15930624405543,
      "quality_score": 0.874
    },
    {
      "machine_id": "cnc_dmg_mori_nlx_010",
      "status": "SUCCESS",
      "training_time_minutes": 0.8239435036977132,
      "quality_score": 0.931
    },
    {
      "machine_id": "hydraulic_beckwood_press_011",
      "status": "SUCCESS",
      "training_time_minutes": 1.2417277574539185,
      "quality_score": 0.862
    },
    {
      "machine_id": "hydraulic_parker_hpu_012",
      "status": "SUCCESS",
      "training_time_minutes": 0.9977551619211833,
      "quality_score": 0.87
    },
    {
      "machine_id": "conveyor_dorner_2200_013",
      "status": "SUCCESS",
      "training_time_minutes": 1.048564076423645,
      "quality_score": 0.877
    },
    {
      "machine_id": "conveyor_hytrol_e24ez_014",
      "status": "SUCCESS",
      "training_time_minutes": 1.0418779532114664,
      "quality_score": 0.837
    },
    {
      "machine_id": "robot_fanuc_m20ia_015",
      "status": "SUCCESS",
      "training_time_minutes": 1.474414849281311,
      "quality_score": 0.9
    },
    {
      "machine_id": "robot_abb_irb6700_016",
      "status": "SUCCESS",
      "training_time_minutes": 1.2146045525868734,
      "quality_score": 0.859
    },
    {
      "machine_id": "transformer_square_d_017",
      "status": "SUCCESS",
      "training_time_minutes": 1.142307710647583,
      "quality_score": 0.895
    },
    {
      "machine_id": "cooling_tower_bac_vti_018",
      "status": "SUCCESS",
      "training_time_minutes": 0.725657335917155,
      "quality_score": 0.965
    },
    {
      "machine_id": "cnc_haas_vf2_001",
      "status": "SUCCESS",
      "training_time_minutes": 1.046526018778483,
      "quality_score": 0.856
    },
    {
      "machine_id": "turbofan_cfm56_7b_001",
      "status": "SUCCESS",
      "training_time_minutes": 1.6989747325579325,
      "quality_score": 0.866
    }
  ],
  "timestamp": "2025-11-15T10:40:04.999866"
}