{
  "phase": "1.1.4",
  "date_completed": "2025-11-14",
  "chosen_architecture": "TVAE",
  "comparison_results": {
    "CTGAN": {
      "quality_score": 0.7875042829781407,
      "training_time_minutes": 0.15895562569300334,
      "model_size_mb": 0.9499273300170898
    },
    "TVAE": {
      "quality_score": 0.912884875410405,
      "training_time_minutes": 0.06461465756098429,
      "model_size_mb": 0.5140094757080078
    }
  },
  "decision_rationale": {
    "quality_advantage": "+13.7%",
    "speed_advantage": "2.5x faster",
    "stability": "Both architectures stable",
    "recommendation": "Higher quality score (+12.5% better) AND faster training"
  },
  "production_readiness": "Approved for production use"
}