machine_id,features_count,metadata_file,status
cnc_dmg_mori_nlx_010,2,cnc_dmg_mori_nlx_010_metadata.json,SUCCESS
cnc_haas_vf2_001,4,cnc_haas_vf2_001_metadata.json,SUCCESS
compressor_atlas_copco_ga30_001,10,compressor_atlas_copco_ga30_001_metadata.json,SUCCESS
compressor_ingersoll_rand_2545_009,5,compressor_ingersoll_rand_2545_009_metadata.json,SUCCESS
conveyor_dorner_2200_013,4,conveyor_dorner_2200_013_metadata.json,SUCCESS
conveyor_hytrol_e24ez_014,4,conveyor_hytrol_e24ez_014_metadata.json,SUCCESS
cooling_tower_bac_vti_018,1,cooling_tower_bac_vti_018_metadata.json,SUCCESS
fan_ebm_papst_a3g710_007,6,fan_ebm_papst_a3g710_007_metadata.json,SUCCESS
fan_howden_buffalo_008,6,fan_howden_buffalo_008_metadata.json,SUCCESS
hydraulic_beckwood_press_011,5,hydraulic_beckwood_press_011_metadata.json,SUCCESS
hydraulic_parker_hpu_012,3,hydraulic_parker_hpu_012_metadata.json,SUCCESS
motor_abb_m3bp_002,10,motor_abb_m3bp_002_metadata.json,SUCCESS
motor_siemens_1la7_001,22,motor_siemens_1la7_001_metadata.json,SUCCESS
motor_weg_w22_003,10,motor_weg_w22_003_metadata.json,SUCCESS
pump_flowserve_ansi_005,5,pump_flowserve_ansi_005_metadata.json,SUCCESS
pump_grundfos_cr3_004,10,pump_grundfos_cr3_004_metadata.json,SUCCESS
pump_ksb_etanorm_006,4,pump_ksb_etanorm_006_metadata.json,SUCCESS
robot_abb_irb6700_016,5,robot_abb_irb6700_016_metadata.json,SUCCESS
robot_fanuc_m20ia_015,8,robot_fanuc_m20ia_015_metadata.json,SUCCESS
transformer_square_d_017,4,transformer_square_d_017_metadata.json,SUCCESS
turbofan_cfm56_7b_001,8,turbofan_cfm56_7b_001_metadata.json,SUCCESS
