{
  "audit_date": "2025-11-14",
  "phase": "1.2.1",
  "total_profiles": 21,
  "complete_profiles": 21,
  "incomplete_profiles": 0,
  "completion_rate": 100.0,
  "total_features": 136,
  "avg_features_per_machine": 6.476190476190476,
  "categories": {
    "Electric Motor - Induction": 2,
    "CNC Turning Center - Lathe": 1,
    "rotary_screw_compressor": 1,
    "cnc_milling_machine": 1,
    "Reciprocating Air Compressor": 1,
    "Belt Conveyor": 1,
    "Induced Draft Cooling Tower": 1,
    "Powered Roller Conveyor": 1,
    "Axial Fan": 1,
    "Centrifugal Fan - Backward Curved": 1,
    "Hydraulic Press": 1,
    "Hydraulic Power Unit": 1,
    "induction_motor": 1,
    "Centrifugal Pump - End-Suction": 1,
    "Centrifugal Pump - Multistage Vertical": 1,
    "Centrifugal Pump - Horizontal Split-Case": 1,
    "Articulated Robot - 6-Axis Heavy-Duty": 1,
    "Articulated Robot - 6-Axis": 1,
    "Dry-Type Distribution Transformer": 1,
    "turbofan_engine": 1
  },
  "complete_profile_list": [
    "cnc_dmg_mori_nlx_010",
    "cnc_haas_vf2_001",
    "compressor_atlas_copco_ga30_001",
    "compressor_ingersoll_rand_2545_009",
    "conveyor_dorner_2200_013",
    "conveyor_hytrol_e24ez_014",
    "cooling_tower_bac_vti_018",
    "fan_ebm_papst_a3g710_007",
    "fan_howden_buffalo_008",
    "hydraulic_beckwood_press_011",
    "hydraulic_parker_hpu_012",
    "motor_abb_m3bp_002",
    "motor_siemens_1la7_001",
    "motor_weg_w22_003",
    "pump_flowserve_ansi_005",
    "pump_grundfos_cr3_004",
    "pump_ksb_etanorm_006",
    "robot_abb_irb6700_016",
    "robot_fanuc_m20ia_015",
    "transformer_square_d_017",
    "turbofan_cfm56_7b_001"
  ],
  "incomplete_profile_list": [],
  "ready_for_training": true
}