{
  "phase": "1.3 - TVAE Training (All 21 Machines)",
  "completion_date": "2025-11-15",
  "architecture": "TVAE (Tabular Variational AutoEncoder)",
  "configuration": {
    "epochs": 500,
    "batch_size": 500,
    "samples_per_machine": 10000,
    "gpu_enabled": true,
    "embedding_dim": 128,
    "compress_dims": [128, 128],
    "decompress_dims": [128, 128]
  },
  "training_summary": {
    "total_machines": 21,
    "successful": 21,
    "failed": 0,
    "success_rate": "100%"
  },
  "priority_machines": {
    "count": 5,
    "machines": [
      "motor_siemens_1la7_001",
      "motor_abb_m3bp_002",
      "pump_grundfos_cr3_004",
      "pump_flowserve_ansi_005",
      "compressor_atlas_copco_ga30_001"
    ],
    "total_time_minutes": 12.58,
    "average_quality": 0.884,
    "quality_range": [0.862, 0.902]
  },
  "remaining_machines": {
    "count": 16,
    "total_time_minutes": 19.04,
    "average_quality": 0.881,
    "quality_range": [0.837, 0.965],
    "fastest_training": {
      "machine": "cooling_tower_bac_vti_018",
      "time_minutes": 0.73,
      "quality": 0.965
    },
    "slowest_training": {
      "machine": "motor_siemens_1la7_001",
      "time_minutes": 3.34,
      "quality": 0.883,
      "reason": "Most complex (22 features)"
    }
  },
  "overall_performance": {
    "total_training_time_minutes": 31.62,
    "total_training_time_hours": 0.53,
    "average_quality_all_machines": 0.882,
    "min_quality": 0.837,
    "max_quality": 0.965,
    "average_training_time_per_machine_minutes": 1.51,
    "models_saved": 21,
    "quality_reports_generated": 21
  },
  "top_5_quality_scores": [
    {
      "rank": 1,
      "machine": "cooling_tower_bac_vti_018",
      "quality": 0.965,
      "features": 1,
      "training_time_minutes": 0.73
    },
    {
      "rank": 2,
      "machine": "cnc_dmg_mori_nlx_010",
      "quality": 0.931,
      "features": 2,
      "training_time_minutes": 0.82
    },
    {
      "rank": 3,
      "machine": "compressor_atlas_copco_ga30_001",
      "quality": 0.902,
      "features": 10,
      "training_time_minutes": 1.71
    },
    {
      "rank": 4,
      "machine": "robot_fanuc_m20ia_015",
      "quality": 0.900,
      "features": 8,
      "training_time_minutes": 1.47
    },
    {
      "rank": 5,
      "machine": "transformer_square_d_017",
      "quality": 0.895,
      "features": 4,
      "training_time_minutes": 1.14
    }
  ],
  "comparison_to_expectations": {
    "documentation_expected_ctgan": {
      "time_per_machine_minutes": [30, 45],
      "total_time_minutes": [630, 945],
      "architecture": "CTGAN"
    },
    "actual_tvae_performance": {
      "time_per_machine_minutes": 1.51,
      "total_time_minutes": 31.62,
      "architecture": "TVAE",
      "speed_improvement_vs_ctgan": "20-30x faster"
    },
    "vs_user_previous_hcgan": {
      "hcgan_time_minutes": 240,
      "tvae_time_minutes": 31.62,
      "speed_improvement": "7.6x faster"
    }
  },
  "quality_assessment": {
    "target_quality": 0.91,
    "actual_average": 0.882,
    "status": "GOOD - Acceptable for industrial use",
    "notes": [
      "Quality correlates with feature complexity",
      "Simpler machines (1-5 features): 0.90-0.96 quality",
      "Complex machines (10-22 features): 0.86-0.89 quality",
      "All models show stable convergence",
      "No exponentially rising losses",
      "Ready for synthetic data generation"
    ]
  },
  "training_stability": {
    "convergence": "Stable for all 21 machines",
    "loss_patterns": "No exponential rises",
    "gpu_utilization": "CUDA-enabled (RTX 4070)",
    "errors_encountered": 0
  },
  "deliverables": {
    "trained_models": 21,
    "model_directory": "GAN/models/tvae/",
    "model_format": ".pkl (pickle)",
    "average_model_size_mb": 0.8,
    "quality_reports": 21,
    "batch_training_report": "batch_training_remaining_16_report.json",
    "seed_data_samples": 210000
  },
  "next_phase": {
    "phase": "1.4 - Synthetic Data Generation",
    "goal": "Generate 5000 synthetic samples per machine",
    "total_synthetic_samples": 105000,
    "splits": ["train (70%)", "val (15%)", "test (15%)"],
    "estimated_time_minutes": 15
  }
}
