{
  "phase": "1.2.3",
  "date": "2025-11-14",
  "total_machines": 21,
  "generated": 21,
  "existing": 0,
  "valid": 21,
  "total_samples": 210000,
  "total_features": 136,
  "avg_features_per_machine": 6.48,
  "machines": [
    {
      "machine_id": "cnc_dmg_mori_nlx_010",
      "n_samples": 10000,
      "n_features": 2,
      "status": "GENERATED",
      "is_valid": true
    },
    {
      "machine_id": "cnc_haas_vf2_001",
      "n_samples": 10000,
      "n_features": 4,
      "status": "GENERATED",
      "is_valid": true
    },
    {
      "machine_id": "compressor_atlas_copco_ga30_001",
      "n_samples": 10000,
      "n_features": 10,
      "status": "GENERATED",
      "is_valid": true
    },
    {
      "machine_id": "compressor_ingersoll_rand_2545_009",
      "n_samples": 10000,
      "n_features": 5,
      "status": "GENERATED",
      "is_valid": true
    },
    {
      "machine_id": "conveyor_dorner_2200_013",
      "n_samples": 10000,
      "n_features": 4,
      "status": "GENERATED",
      "is_valid": true
    },
    {
      "machine_id": "conveyor_hytrol_e24ez_014",
      "n_samples": 10000,
      "n_features": 4,
      "status": "GENERATED",
      "is_valid": true
    },
    {
      "machine_id": "cooling_tower_bac_vti_018",
      "n_samples": 10000,
      "n_features": 1,
      "status": "GENERATED",
      "is_valid": true
    },
    {
      "machine_id": "fan_ebm_papst_a3g710_007",
      "n_samples": 10000,
      "n_features": 6,
      "status": "GENERATED",
      "is_valid": true
    },
    {
      "machine_id": "fan_howden_buffalo_008",
      "n_samples": 10000,
      "n_features": 6,
      "status": "GENERATED",
      "is_valid": true
    },
    {
      "machine_id": "hydraulic_beckwood_press_011",
      "n_samples": 10000,
      "n_features": 5,
      "status": "GENERATED",
      "is_valid": true
    },
    {
      "machine_id": "hydraulic_parker_hpu_012",
      "n_samples": 10000,
      "n_features": 3,
      "status": "GENERATED",
      "is_valid": true
    },
    {
      "machine_id": "motor_abb_m3bp_002",
      "n_samples": 10000,
      "n_features": 10,
      "status": "GENERATED",
      "is_valid": true
    },
    {
      "machine_id": "motor_siemens_1la7_001",
      "n_samples": 10000,
      "n_features": 22,
      "status": "GENERATED",
      "is_valid": true
    },
    {
      "machine_id": "motor_weg_w22_003",
      "n_samples": 10000,
      "n_features": 10,
      "status": "GENERATED",
      "is_valid": true
    },
    {
      "machine_id": "pump_flowserve_ansi_005",
      "n_samples": 10000,
      "n_features": 5,
      "status": "GENERATED",
      "is_valid": true
    },
    {
      "machine_id": "pump_grundfos_cr3_004",
      "n_samples": 10000,
      "n_features": 10,
      "status": "GENERATED",
      "is_valid": true
    },
    {
      "machine_id": "pump_ksb_etanorm_006",
      "n_samples": 10000,
      "n_features": 4,
      "status": "GENERATED",
      "is_valid": true
    },
    {
      "machine_id": "robot_abb_irb6700_016",
      "n_samples": 10000,
      "n_features": 5,
      "status": "GENERATED",
      "is_valid": true
    },
    {
      "machine_id": "robot_fanuc_m20ia_015",
      "n_samples": 10000,
      "n_features": 8,
      "status": "GENERATED",
      "is_valid": true
    },
    {
      "machine_id": "transformer_square_d_017",
      "n_samples": 10000,
      "n_features": 4,
      "status": "GENERATED",
      "is_valid": true
    },
    {
      "machine_id": "turbofan_cfm56_7b_001",
      "n_samples": 10000,
      "n_features": 8,
      "status": "GENERATED",
      "is_valid": true
    }
  ]
}