{
  "phase": "1.2.2",
  "date": "2025-11-14",
  "total_machines": 21,
  "successful": 21,
  "failed": 0,
  "total_features": 136,
  "avg_features_per_machine": 6.476190476190476,
  "machines": [
    {
      "machine_id": "cnc_dmg_mori_nlx_010",
      "features_count": 2,
      "metadata_file": "cnc_dmg_mori_nlx_010_metadata.json",
      "status": "SUCCESS"
    },
    {
      "machine_id": "cnc_haas_vf2_001",
      "features_count": 4,
      "metadata_file": "cnc_haas_vf2_001_metadata.json",
      "status": "SUCCESS"
    },
    {
      "machine_id": "compressor_atlas_copco_ga30_001",
      "features_count": 10,
      "metadata_file": "compressor_atlas_copco_ga30_001_metadata.json",
      "status": "SUCCESS"
    },
    {
      "machine_id": "compressor_ingersoll_rand_2545_009",
      "features_count": 5,
      "metadata_file": "compressor_ingersoll_rand_2545_009_metadata.json",
      "status": "SUCCESS"
    },
    {
      "machine_id": "conveyor_dorner_2200_013",
      "features_count": 4,
      "metadata_file": "conveyor_dorner_2200_013_metadata.json",
      "status": "SUCCESS"
    },
    {
      "machine_id": "conveyor_hytrol_e24ez_014",
      "features_count": 4,
      "metadata_file": "conveyor_hytrol_e24ez_014_metadata.json",
      "status": "SUCCESS"
    },
    {
      "machine_id": "cooling_tower_bac_vti_018",
      "features_count": 1,
      "metadata_file": "cooling_tower_bac_vti_018_metadata.json",
      "status": "SUCCESS"
    },
    {
      "machine_id": "fan_ebm_papst_a3g710_007",
      "features_count": 6,
      "metadata_file": "fan_ebm_papst_a3g710_007_metadata.json",
      "status": "SUCCESS"
    },
    {
      "machine_id": "fan_howden_buffalo_008",
      "features_count": 6,
      "metadata_file": "fan_howden_buffalo_008_metadata.json",
      "status": "SUCCESS"
    },
    {
      "machine_id": "hydraulic_beckwood_press_011",
      "features_count": 5,
      "metadata_file": "hydraulic_beckwood_press_011_metadata.json",
      "status": "SUCCESS"
    },
    {
      "machine_id": "hydraulic_parker_hpu_012",
      "features_count": 3,
      "metadata_file": "hydraulic_parker_hpu_012_metadata.json",
      "status": "SUCCESS"
    },
    {
      "machine_id": "motor_abb_m3bp_002",
      "features_count": 10,
      "metadata_file": "motor_abb_m3bp_002_metadata.json",
      "status": "SUCCESS"
    },
    {
      "machine_id": "motor_siemens_1la7_001",
      "features_count": 22,
      "metadata_file": "motor_siemens_1la7_001_metadata.json",
      "status": "SUCCESS"
    },
    {
      "machine_id": "motor_weg_w22_003",
      "features_count": 10,
      "metadata_file": "motor_weg_w22_003_metadata.json",
      "status": "SUCCESS"
    },
    {
      "machine_id": "pump_flowserve_ansi_005",
      "features_count": 5,
      "metadata_file": "pump_flowserve_ansi_005_metadata.json",
      "status": "SUCCESS"
    },
    {
      "machine_id": "pump_grundfos_cr3_004",
      "features_count": 10,
      "metadata_file": "pump_grundfos_cr3_004_metadata.json",
      "status": "SUCCESS"
    },
    {
      "machine_id": "pump_ksb_etanorm_006",
      "features_count": 4,
      "metadata_file": "pump_ksb_etanorm_006_metadata.json",
      "status": "SUCCESS"
    },
    {
      "machine_id": "robot_abb_irb6700_016",
      "features_count": 5,
      "metadata_file": "robot_abb_irb6700_016_metadata.json",
      "status": "SUCCESS"
    },
    {
      "machine_id": "robot_fanuc_m20ia_015",
      "features_count": 8,
      "metadata_file": "robot_fanuc_m20ia_015_metadata.json",
      "status": "SUCCESS"
    },
    {
      "machine_id": "transformer_square_d_017",
      "features_count": 4,
      "metadata_file": "transformer_square_d_017_metadata.json",
      "status": "SUCCESS"
    },
    {
      "machine_id": "turbofan_cfm56_7b_001",
      "features_count": 8,
      "metadata_file": "turbofan_cfm56_7b_001_metadata.json",
      "status": "SUCCESS"
    }
  ]
}