machine_id,file,category,manufacturer,model,status,total_features,failure_modes,has_specifications,has_baseline,missing_fields
cnc_dmg_mori_nlx_010,cnc_dmg_mori_nlx_010.json,CNC Turning Center - Lathe,DMG MORI,NLX 2500SY/700,COMPLETE,2,0,True,True,None
cnc_haas_vf2_001,cnc_haas_vf2_001.json,cnc_milling_machine,Haas Automation,VF-2,COMPLETE,4,0,True,True,None
compressor_atlas_copco_ga30_001,compressor_atlas_copco_ga30_001.json,rotary_screw_compressor,Atlas Copco,GA 30,COMPLETE,10,0,True,True,None
compressor_ingersoll_rand_2545_009,compressor_ingersoll_rand_2545_009.json,Reciprocating Air Compressor,Ingersoll Rand,2545 10HP Reciprocating,COMPLETE,5,0,True,True,None
conveyor_dorner_2200_013,conveyor_dorner_2200_013.json,Belt Conveyor,Dorner,2200 Series Belt Conveyor,COMPLETE,4,0,True,True,None
conveyor_hytrol_e24ez_014,conveyor_hytrol_e24ez_014.json,Powered Roller Conveyor,Hytrol Conveyor Company,E24EZ Roller Conveyor,COMPLETE,4,0,True,True,None
cooling_tower_bac_vti_018,cooling_tower_bac_vti_018.json,Induced Draft Cooling Tower,Baltimore Aircoil Company (BAC),VTI 500 Ton,COMPLETE,1,0,True,True,None
fan_ebm_papst_a3g710_007,fan_ebm_papst_a3g710_007.json,Axial Fan,ebm-papst,A3G710-AX23-11,COMPLETE,6,0,True,True,None
fan_howden_buffalo_008,fan_howden_buffalo_008.json,Centrifugal Fan - Backward Curved,Howden Buffalo,Size 48 Arrangement 4,COMPLETE,6,0,True,True,None
hydraulic_beckwood_press_011,hydraulic_beckwood_press_011.json,Hydraulic Press,Beckwood Press Company,BP5-3048,COMPLETE,5,0,True,True,None
hydraulic_parker_hpu_012,hydraulic_parker_hpu_012.json,Hydraulic Power Unit,Parker Hannifin,PAC 5000 Series HPU,COMPLETE,3,0,True,True,None
motor_abb_m3bp_002,motor_abb_m3bp_002.json,Electric Motor - Induction,ABB,M3BP 200 LA4,COMPLETE,10,0,True,True,None
motor_siemens_1la7_001,motor_siemens_1la7_001.json,induction_motor,Siemens,1LA7 113-4AA60,COMPLETE,22,0,True,True,None
motor_weg_w22_003,motor_weg_w22_003.json,Electric Motor - Induction,WEG,W22 250 M/L 02,COMPLETE,10,0,True,True,None
pump_flowserve_ansi_005,pump_flowserve_ansi_005.json,Centrifugal Pump - End-Suction,Flowserve,ANSI B73.1 3x2-13,COMPLETE,5,0,True,True,None
pump_grundfos_cr3_004,pump_grundfos_cr3_004.json,Centrifugal Pump - Multistage Vertical,Grundfos,CR3-19 A-A-A-E-HQQE,COMPLETE,10,0,True,True,None
pump_ksb_etanorm_006,pump_ksb_etanorm_006.json,Centrifugal Pump - Horizontal Split-Case,KSB,Etanorm 200-400,COMPLETE,4,0,True,True,None
robot_abb_irb6700_016,robot_abb_irb6700_016.json,Articulated Robot - 6-Axis Heavy-Duty,ABB Robotics,IRB 6700-200/2.60,COMPLETE,5,0,True,True,None
robot_fanuc_m20ia_015,robot_fanuc_m20ia_015.json,Articulated Robot - 6-Axis,FANUC,M-20iA,COMPLETE,8,0,True,True,None
transformer_square_d_017,transformer_square_d_017.json,Dry-Type Distribution Transformer,Square D (Schneider Electric),EE500T3H,COMPLETE,4,0,True,True,None
turbofan_cfm56_7b_001,turbofan_cfm56_7b_001.json,turbofan_engine,CFM International,CFM56-7B,COMPLETE,8,0,True,True,None
