machine_id,n_samples,n_features,status,is_valid
cnc_dmg_mori_nlx_010,10000,2,GENERATED,True
cnc_haas_vf2_001,10000,4,GENERATED,True
compressor_atlas_copco_ga30_001,10000,10,GENERATED,True
compressor_ingersoll_rand_2545_009,10000,5,GENERATED,True
conveyor_dorner_2200_013,10000,4,GENERATED,True
conveyor_hytrol_e24ez_014,10000,4,GENERATED,True
cooling_tower_bac_vti_018,10000,1,GENERATED,True
fan_ebm_papst_a3g710_007,10000,6,GENERATED,True
fan_howden_buffalo_008,10000,6,GENERATED,True
hydraulic_beckwood_press_011,10000,5,GENERATED,True
hydraulic_parker_hpu_012,10000,3,GENERATED,True
motor_abb_m3bp_002,10000,10,GENERATED,True
motor_siemens_1la7_001,10000,22,GENERATED,True
motor_weg_w22_003,10000,10,GENERATED,True
pump_flowserve_ansi_005,10000,5,GENERATED,True
pump_grundfos_cr3_004,10000,10,GENERATED,True
pump_ksb_etanorm_006,10000,4,GENERATED,True
robot_abb_irb6700_016,10000,5,GENERATED,True
robot_fanuc_m20ia_015,10000,8,GENERATED,True
transformer_square_d_017,10000,4,GENERATED,True
turbofan_cfm56_7b_001,10000,8,GENERATED,True
