{
  "total_machines": 21,
  "successful": 21,
  "failed": 0,
  "total_samples": 1050000,
  "results": [
    {
      "machine_id": "motor_siemens_1la7_001",
      "status": "SUCCESS",
      "train": 35000,
      "val": 7500,
      "test": 7500,
      "total": 50000
    },
    {
      "machine_id": "motor_abb_m3bp_002",
      "status": "SUCCESS",
      "train": 35000,
      "val": 7500,
      "test": 7500,
      "total": 50000
    },
    {
      "machine_id": "pump_grundfos_cr3_004",
      "status": "SUCCESS",
      "train": 35000,
      "val": 7500,
      "test": 7500,
      "total": 50000
    },
    {
      "machine_id": "pump_flowserve_ansi_005",
      "status": "SUCCESS",
      "train": 35000,
      "val": 7500,
      "test": 7500,
      "total": 50000
    },
    {
      "machine_id": "compressor_atlas_copco_ga30_001",
      "status": "SUCCESS",
      "train": 35000,
      "val": 7500,
      "test": 7500,
      "total": 50000
    },
    {
      "machine_id": "motor_weg_w22_003",
      "status": "SUCCESS",
      "train": 35000,
      "val": 7500,
      "test": 7500,
      "total": 50000
    },
    {
      "machine_id": "pump_ksb_etanorm_006",
      "status": "SUCCESS",
      "train": 35000,
      "val": 7500,
      "test": 7500,
      "total": 50000
    },
    {
      "machine_id": "fan_ebm_papst_a3g710_007",
      "status": "SUCCESS",
      "train": 35000,
      "val": 7500,
      "test": 7500,
      "total": 50000
    },
    {
      "machine_id": "fan_howden_buffalo_008",
      "status": "SUCCESS",
      "train": 35000,
      "val": 7500,
      "test": 7500,
      "total": 50000
    },
    {
      "machine_id": "compressor_ingersoll_rand_2545_009",
      "status": "SUCCESS",
      "train": 35000,
      "val": 7500,
      "test": 7500,
      "total": 50000
    },
    {
      "machine_id": "cnc_dmg_mori_nlx_010",
      "status": "SUCCESS",
      "train": 35000,
      "val": 7500,
      "test": 7500,
      "total": 50000
    },
    {
      "machine_id": "hydraulic_beckwood_press_011",
      "status": "SUCCESS",
      "train": 35000,
      "val": 7500,
      "test": 7500,
      "total": 50000
    },
    {
      "machine_id": "hydraulic_parker_hpu_012",
      "status": "SUCCESS",
      "train": 35000,
      "val": 7500,
      "test": 7500,
      "total": 50000
    },
    {
      "machine_id": "conveyor_dorner_2200_013",
      "status": "SUCCESS",
      "train": 35000,
      "val": 7500,
      "test": 7500,
      "total": 50000
    },
    {
      "machine_id": "conveyor_hytrol_e24ez_014",
      "status": "SUCCESS",
      "train": 35000,
      "val": 7500,
      "test": 7500,
      "total": 50000
    },
    {
      "machine_id": "robot_fanuc_m20ia_015",
      "status": "SUCCESS",
      "train": 35000,
      "val": 7500,
      "test": 7500,
      "total": 50000
    },
    {
      "machine_id": "robot_abb_irb6700_016",
      "status": "SUCCESS",
      "train": 35000,
      "val": 7500,
      "test": 7500,
      "total": 50000
    },
    {
      "machine_id": "transformer_square_d_017",
      "status": "SUCCESS",
      "train": 35000,
      "val": 7500,
      "test": 7500,
      "total": 50000
    },
    {
      "machine_id": "cooling_tower_bac_vti_018",
      "status": "SUCCESS",
      "train": 35000,
      "val": 7500,
      "test": 7500,
      "total": 50000
    },
    {
      "machine_id": "cnc_haas_vf2_001",
      "status": "SUCCESS",
      "train": 35000,
      "val": 7500,
      "test": 7500,
      "total": 50000
    },
    {
      "machine_id": "turbofan_cfm56_7b_001",
      "status": "SUCCESS",
      "train": 35000,
      "val": 7500,
      "test": 7500,
      "total": 50000
    }
  ],
  "timestamp": "2025-11-15T11:20:10.523222"
}