{
  "machine_id": "cnc_dmg_mori_nlx_010",
  "manufacturer": "DMG MORI",
  "model": "NLX 2500SY/700",
  "category": "CNC Turning Center - Lathe",
  "application": "Precision turning, boring, threading, complex shaft manufacturing",
  "data_source": "Adapted from AI4I 2020 dataset + DMG MORI specifications",
  "specifications": {
    "machine_capabilities": {
      "max_turning_diameter_mm": 360,
      "max_turning_length_mm": 765,
      "spindle_speed_max_rpm": 5000,
      "spindle_power_kW": 22,
      "tool_positions": 12,
      "axes": "X, Z, C (3-axis + live tooling)"
    },
    "spindle": {
      "motor_power_kW": 22,
      "max_torque_nm": 200,
      "speed_range_rpm": [
        50,
        5000
      ],
      "chuck_size_mm": 254
    },
    "electrical": {
      "total_power_kW": 35,
      "voltage_v": 400,
      "frequency_hz": 50
    },
    "weight_kg": 5200
  },
  "baseline_normal_operation": {
    "thermal": {
      "spindle_bearing_temp_C": {
        "typical": 45,
        "max": 60,
        "alarm": 75,
        "unit": "\u00c2\u00b0C",
        "source": "AI4I adapted for lathe spindle"
      },
      "motor_temp_C": {
        "typical": 55,
        "max": 70,
        "alarm": 85,
        "unit": "\u00c2\u00b0C"
      },
      "ambient_temp_C": {
        "typical": 20,
        "max": 30,
        "unit": "\u00c2\u00b0C",
        "source": "AI4I air temperature baseline"
      }
    },
    "mechanical": {
      "spindle_speed_rpm": {
        "min": 50,
        "typical": 1200,
        "max": 5000,
        "unit": "rpm",
        "source": "AI4I rotational speed adapted"
      },
      "cutting_force_N": {
        "typical": 800,
        "max": 2500,
        "unit": "N"
      },
      "spindle_torque_nm": {
        "typical": 80,
        "max": 200,
        "unit": "Nm",
        "source": "AI4I torque patterns"
      }
    },
    "vibration": {
      "spindle_vibration_mm_s": {
        "typical": 0.8,
        "max": 1.5,
        "alarm": 2.5,
        "unit": "mm/s RMS"
      }
    },
    "tool_wear": {
      "tool_life_minutes": {
        "typical": 45,
        "replacement_threshold": 60,
        "unit": "minutes",
        "source": "AI4I tool wear adapted for turning tools"
      }
    },
    "performance": {
      "power_consumption_kW": {
        "typical": 18,
        "max": 32,
        "unit": "kW",
        "source": "AI4I power calculation (torque \u00c3\u2014 rpm)"
      }
    }
  },
  "fault_signatures": {
    "tool_wear_failure": {
      "description": "Cutting tool worn beyond acceptable limits",
      "trigger_rule": "tool_life > 60 minutes (with variability)",
      "sensor_trends": {
        "cutting_force": {
          "direction": "increase",
          "magnitude": "20-40%"
        },
        "spindle_current": {
          "direction": "increase",
          "magnitude": "15-30%"
        },
        "surface_finish": {
          "direction": "degradation",
          "notes": "Roughness increases"
        },
        "vibration": {
          "direction": "increase",
          "magnitude": "2-3x"
        }
      },
      "typical_rul_minutes": 15,
      "source": "AI4I TWF adapted for turning tools"
    },
    "spindle_bearing_failure": {
      "description": "Spindle bearing degradation",
      "sensor_trends": {
        "spindle_bearing_temp": {
          "direction": "increase",
          "magnitude": "+20-40\u00c2\u00b0C"
        },
        "vibration": {
          "direction": "increase",
          "magnitude": "3-5x"
        },
        "vibration_bearing_frequencies": {
          "direction": "increase",
          "magnitude": "10-25x"
        }
      },
      "typical_rul_hours": 150
    },
    "thermal_error": {
      "description": "Thermal expansion causing dimensional errors",
      "trigger_rule": "spindle_temp - ambient_temp < 15\u00c2\u00b0C (insufficient warmup) OR > 50\u00c2\u00b0C (overheating)",
      "sensor_trends": {
        "spindle_temp": {
          "notes": "Too cold or too hot"
        },
        "dimensional_error": {
          "magnitude": "5-20 microns out of tolerance"
        }
      },
      "source": "AI4I HDF adapted for thermal dynamics"
    },
    "power_overload": {
      "description": "Cutting parameters exceed machine capability",
      "trigger_rule": "power_kW = (torque \u00c3\u2014 rpm \u00c3\u2014 2\u00cf\u20ac/60)/1000 NOT IN [5, 32]",
      "sensor_trends": {
        "power": {
          "notes": "Outside acceptable range"
        },
        "motor_current": {
          "direction": "increase",
          "notes": "Overload trip risk"
        }
      },
      "source": "AI4I PWF adapted for lathe"
    },
    "chatter": {
      "description": "Self-excited vibration during cutting",
      "sensor_trends": {
        "vibration_high_frequency": {
          "direction": "increase",
          "magnitude": "5-10x in 500-2000 Hz range"
        },
        "surface_finish": {
          "notes": "Visible chatter marks"
        },
        "acoustic": {
          "notes": "High-pitched squealing"
        }
      },
      "typical_rul_seconds": 10
    }
  },
  "maintenance_schedule": {
    "daily": [
      "Coolant level check",
      "Chip removal"
    ],
    "weekly": [
      "Way lubrication",
      "Tool inspection"
    ],
    "monthly": [
      "Spindle bearing check",
      "Chuck jaw inspection"
    ],
    "quarterly": [
      "Way wear measurement",
      "Spindle runout check",
      "Geometric accuracy verification"
    ],
    "annual": [
      "Spindle bearing replacement",
      "Ball screw inspection",
      "Full geometric calibration"
    ],
    "component_life_expectancy": {
      "spindle_bearings_hours": 20000,
      "ball_screws_hours": 30000,
      "way_covers_years": 5
    }
  },
  "validation_data": {
    "source_description": "AI4I 2020 failure modes adapted for CNC lathe + DMG MORI specifications",
    "adaptation_methodology": "AI4I milling machine patterns applied to turning operations with lathe-specific parameters",
    "quality_assessment": "Good - explicit failure rules from AI4I dataset"
  },
  "notes": [
    "CNC lathe for precision turning operations",
    "Tool wear patterns similar to milling but different tool geometry",
    "Chatter common in turning due to long tool overhang",
    "Thermal errors critical for precision work",
    "AI4I dataset provides ground truth failure physics for validation"
  ]
}