{
  "machine_id": "cnc_haas_vf2_001",
  "manufacturer": "Haas Automation",
  "model": "VF-2",
  "category": "cnc_milling_machine",
  "application": "Vertical machining center for general purpose milling",
  "data_source": "AI4I 2020 Predictive Maintenance Dataset (10,000 samples, 9,661 normal operation)",
  "specifications": {
    "machine_type": "3-axis vertical machining center",
    "table_size_in": "30 x 16",
    "table_size_mm": "762 x 406",
    "x_axis_travel_in": 30.0,
    "y_axis_travel_in": 16.0,
    "z_axis_travel_in": 20.0,
    "spindle_taper": "40-taper",
    "spindle_horsepower_hp": 20,
    "spindle_horsepower_kw": 14.9,
    "max_spindle_speed_rpm": 8100,
    "rapid_traverse_rate_ipm": 1000,
    "tool_capacity": 20,
    "machine_weight_lbs": 5500,
    "machine_weight_kg": 2495
  },
  "baseline_normal_operation": {
    "temperature": {
      "ambient_K": {
        "min": 295.3,
        "typical": 299.97,
        "max": 304.5,
        "unit": "K",
        "description": "Ambient air temperature in work area",
        "celsius_typical": 26.82,
        "source": "AI4I 'Air temperature [K]', normal operation"
      },
      "process_K": {
        "min": 305.7,
        "typical": 310.0,
        "max": 313.8,
        "unit": "K",
        "description": "Process temperature during machining",
        "celsius_typical": 36.85,
        "source": "AI4I 'Process temperature [K]', normal operation"
      },
      "temp_difference_K": {
        "min": 8.6,
        "typical": 10.03,
        "max": 12.0,
        "unit": "K",
        "description": "Temperature rise during machining (process - ambient)",
        "warning_threshold": 8.6,
        "alarm_condition": "< 8.6K AND rpm < 1380 (HDF risk)"
      },
      "spindle_bearing_C": {
        "min": 35,
        "typical": 45,
        "max": 60,
        "alarm": 75,
        "trip": 85,
        "unit": "\u00c2\u00b0C",
        "description": "Spindle bearing temperature (estimated)",
        "source": "Typical Haas VF-2 specifications"
      }
    },
    "mechanical": {
      "rotational_speed_rpm": {
        "min": 1168,
        "typical": 1540,
        "max": 2695,
        "redline": 8100,
        "unit": "rpm",
        "description": "Spindle rotational speed",
        "warning_low": 1380,
        "source": "AI4I 'Rotational speed [rpm]', normal operation"
      },
      "torque_Nm": {
        "min": 12.6,
        "typical": 39.63,
        "max": 70.0,
        "unit": "Nm",
        "description": "Spindle torque during cutting",
        "source": "AI4I 'Torque [Nm]', normal operation"
      },
      "power_W": {
        "min": 3500,
        "typical": 6387,
        "max": 9000,
        "unit": "W",
        "description": "Cutting power (torque \u00c3\u2014 rpm \u00c3\u2014 2\u00cf\u20ac/60)",
        "alarm_low": 3500,
        "alarm_high": 9000,
        "formula": "P = T \u00c3\u2014 \u00cf\u2030 = T \u00c3\u2014 (RPM \u00c3\u2014 2\u00cf\u20ac/60)"
      },
      "feed_rate_ipm": {
        "light_cut": 40,
        "typical": 80,
        "heavy_cut": 150,
        "rapid": 1000,
        "unit": "in/min",
        "description": "Table feed rate",
        "source": "Typical Haas VF-2 specifications"
      }
    },
    "tool_condition": {
      "tool_wear_min": {
        "fresh": 0,
        "normal_range": "0-180",
        "warning": 180,
        "critical": 200,
        "failure_threshold": "200-240",
        "unit": "minutes",
        "description": "Cumulative tool wear time",
        "source": "AI4I 'Tool wear [min]', normal operation"
      },
      "tool_life_expectancy_min": {
        "carbide_endmill": "180-240",
        "hss_drill": "60-120",
        "ceramic_insert": "300-400",
        "description": "Expected tool life by type"
      }
    },
    "operational_modes": {
      "idle": {
        "spindle_rpm": 0,
        "torque_Nm": 0,
        "power_W": 0,
        "coolant_flow": false
      },
      "positioning": {
        "spindle_rpm": 0,
        "feed_rate_ipm": 1000,
        "power_W": "< 500",
        "description": "Rapid traverse between cuts"
      },
      "light_cutting": {
        "spindle_rpm": "2000-3000",
        "torque_Nm": "15-25",
        "power_W": "4000-6000",
        "feed_rate_ipm": "40-80",
        "material": "Aluminum, soft steel"
      },
      "heavy_cutting": {
        "spindle_rpm": "1200-1800",
        "torque_Nm": "45-65",
        "power_W": "7000-9000",
        "feed_rate_ipm": "20-50",
        "material": "Hard steel, stainless steel"
      }
    }
  },
  "fault_signatures": {
    "TWF_tool_wear_failure": {
      "description": "Tool Wear Failure - Excessive tool wear beyond life expectancy",
      "failure_mechanism": "Tool dulling, edge chipping, excessive heat generation",
      "trigger_rule": "tool_wear > 200 + random(0, 40) minutes",
      "count_observed": 46,
      "sensor_trends": {
        "tool_wear_min": {
          "threshold_min": 200,
          "threshold_max": 240,
          "typical_failure": 213
        },
        "torque_Nm": {
          "direction": "increase",
          "magnitude": "20-50% above normal",
          "description": "Dull tool requires more force"
        },
        "process_temp_K": {
          "direction": "increase",
          "magnitude": "5-10K above normal",
          "description": "Increased friction from worn tool"
        }
      },
      "progression": "Gradual wear at 0.15-0.25 min per machining cycle",
      "mitigation": "Replace tool before 200 minutes cumulative wear time",
      "source": "AI4I 2020 TWF explicit rule, 46 failures observed"
    },
    "HDF_heat_dissipation_failure": {
      "description": "Heat Dissipation Failure - Inadequate cooling at low speeds",
      "failure_mechanism": "Insufficient coolant flow, low RPM generates inadequate airflow",
      "trigger_rule": "(process_temp - ambient_temp) < 8.6K AND rotational_speed < 1380 rpm",
      "count_observed": 115,
      "sensor_trends": {
        "temp_difference_K": {
          "threshold": 8.6,
          "typical_failure": 7.5,
          "direction": "below threshold"
        },
        "rotational_speed_rpm": {
          "threshold": 1380,
          "typical_failure": 1250,
          "direction": "below threshold"
        }
      },
      "conditions": "Low RPM AND low temperature differential",
      "mitigation": "Increase spindle speed or verify coolant system",
      "source": "AI4I 2020 HDF explicit rule, 115 failures observed"
    },
    "PWF_power_failure": {
      "description": "Power Failure - Cutting power outside acceptable range",
      "failure_mechanism": "Overload (>9000W) or insufficient engagement (<3500W)",
      "trigger_rule": "power_W = torque \u00c3\u2014 rpm \u00c3\u2014 2\u00cf\u20ac/60 NOT IN [3500, 9000]",
      "count_observed": 95,
      "sensor_trends": {
        "power_W": {
          "lower_limit": 3500,
          "upper_limit": 9000,
          "typical_underpower": 2800,
          "typical_overpower": 10500
        },
        "torque_Nm": {
          "high_load_range": "60-76 Nm (overpower)",
          "low_load_range": "< 15 Nm (underpower)"
        },
        "rotational_speed_rpm": {
          "varies": "can be high or low depending on failure mode"
        }
      },
      "conditions": "Instantaneous when power calculation exceeds limits",
      "mitigation": "Adjust feed rate and spindle speed to maintain power in range",
      "source": "AI4I 2020 PWF explicit rule, 95 failures observed"
    },
    "OSF_overstrain_failure": {
      "description": "Overstrain Failure - Excessive mechanical stress on tool",
      "failure_mechanism": "High torque on worn tool, aggressive cutting parameters",
      "trigger_rule": "tool_wear \u00c3\u2014 torque > threshold (varies: L=11000, M=12000, H=13000)",
      "count_observed": 98,
      "sensor_trends": {
        "strain_product": {
          "L_variant_threshold": 11000,
          "M_variant_threshold": 12000,
          "H_variant_threshold": 13000,
          "typical_failure": "tool_wear:150min \u00c3\u2014 torque:60Nm = 9000"
        },
        "tool_wear_min": {
          "typical_at_failure": "120-180 min"
        },
        "torque_Nm": {
          "typical_at_failure": "50-70 Nm"
        }
      },
      "conditions": "Combination of moderate wear and high cutting forces",
      "mitigation": "Replace tools earlier when cutting hard materials, reduce feed rate",
      "source": "AI4I 2020 OSF explicit rule, 98 failures observed"
    },
    "RNF_random_failure": {
      "description": "Random Failures - Unpredictable events",
      "failure_mechanism": "Tool breakage, workpiece ejection, sensor malfunction, etc.",
      "trigger_rule": "0.1% probability independent of operational conditions",
      "count_observed": 19,
      "rate": 0.0019,
      "mitigation": "Cannot be predicted, requires defensive programming and safety interlocks",
      "source": "AI4I 2020 RNF explicit rule, 19 failures observed"
    }
  },
  "product_variants": {
    "L_low_quality": {
      "description": "Low quality product variant - softer materials",
      "typical_materials": "Aluminum, soft plastics",
      "typical_rpm": "2000-2500",
      "typical_torque_Nm": "25-35",
      "osf_threshold": 11000
    },
    "M_medium_quality": {
      "description": "Medium quality product variant - standard materials",
      "typical_materials": "Mild steel, brass",
      "typical_rpm": "1500-2000",
      "typical_torque_Nm": "35-45",
      "osf_threshold": 12000
    },
    "H_high_quality": {
      "description": "High quality product variant - harder materials",
      "typical_materials": "Stainless steel, hardened steel",
      "typical_rpm": "1200-1500",
      "typical_torque_Nm": "45-60",
      "osf_threshold": 13000
    }
  },
  "maintenance_schedule": {
    "daily": [
      "Check coolant level",
      "Visual inspection of tools",
      "Clean chips from work area"
    ],
    "weekly": [
      "Lubricate way covers",
      "Check spindle bearing temperature",
      "Inspect tool holders"
    ],
    "monthly": [
      "Replace worn tools (>180 min wear)",
      "Clean coolant tank",
      "Check axis backlash"
    ],
    "quarterly": [
      "Spindle bearing inspection",
      "Calibrate temperature sensors",
      "Full mechanical inspection"
    ]
  },
  "validation_data": {
    "samples_analyzed": 10000,
    "normal_operation_samples": 9661,
    "failure_samples": 339,
    "failure_rate": 0.0339,
    "data_quality": "synthetic with explicit failure rules",
    "physics_validated": true
  },
  "notes": [
    "Based on AI4I 2020 Predictive Maintenance Dataset",
    "All failure modes have explicitly defined mathematical trigger rules",
    "Excellent for validating if GAN learns correct causal physics",
    "Temperature data in Kelvin: typical ambient = 300K (27\u00c2\u00b0C), process = 310K (37\u00c2\u00b0C)",
    "Haas VF-2 is a widely used general-purpose machining center",
    "Power calculation validated: P = T \u00c3\u2014 (RPM \u00c3\u2014 2\u00cf\u20ac/60)",
    "Tool wear progression: approximately 0.2 minutes per machining cycle"
  ]
}