{
  "machine_id": "compressor_atlas_copco_ga30_001",
  "manufacturer": "Atlas Copco",
  "model": "GA 30",
  "category": "rotary_screw_compressor",
  "application": "Oil-injected rotary screw air compressor for industrial applications",
  "data_source": "NASA C-MAPSS FD002 (adapted for compressor thermodynamics), Atlas Copco specifications",
  "specifications": {
    "compressor_type": "Oil-injected rotary screw",
    "power_rating_kW": 30,
    "power_rating_hp": 40,
    "free_air_delivery_cfm": 156,
    "free_air_delivery_l_s": 74,
    "working_pressure_bar": 8.5,
    "working_pressure_psi": 123,
    "motor_speed_rpm": 1480,
    "screw_speed_rpm": 2950,
    "oil_capacity_liters": 17,
    "noise_level_dBA": 68,
    "weight_kg": 550
  },
  "baseline_normal_operation": {
    "temperature": {
      "discharge_air_temp_C": {
        "min": 80,
        "typical": 95,
        "max": 110,
        "alarm": 115,
        "trip": 125,
        "unit": "\u00c2\u00b0C",
        "description": "Compressed air discharge temperature",
        "source": "Adapted from C-MAPSS T30 pattern (compressor outlet)"
      },
      "oil_temp_C": {
        "min": 70,
        "typical": 85,
        "max": 95,
        "alarm": 100,
        "trip": 110,
        "unit": "\u00c2\u00b0C",
        "description": "Oil injection temperature"
      },
      "motor_winding_temp_C": {
        "min": 60,
        "typical": 75,
        "max": 90,
        "alarm": 105,
        "trip": 120,
        "unit": "\u00c2\u00b0C",
        "description": "Motor winding temperature"
      },
      "ambient_temp_C": {
        "min": 15,
        "typical": 25,
        "max": 40,
        "unit": "\u00c2\u00b0C",
        "description": "Ambient air temperature"
      }
    },
    "pressure": {
      "discharge_pressure_bar": {
        "min": 7.0,
        "typical": 8.5,
        "max": 10.0,
        "unit": "bar",
        "description": "Compressed air discharge pressure",
        "source": "Adapted from C-MAPSS P30 pattern"
      },
      "suction_pressure_bar": {
        "min": 0.95,
        "typical": 1.0,
        "max": 1.05,
        "unit": "bar",
        "description": "Inlet air pressure (atmospheric)"
      }
    },
    "rotational_speed": {
      "motor_rpm": {
        "min": 1460,
        "typical": 1480,
        "max": 1500,
        "unit": "rpm",
        "description": "Electric motor speed (50 Hz)"
      },
      "screw_rpm": {
        "min": 2900,
        "typical": 2950,
        "max": 3000,
        "unit": "rpm",
        "description": "Screw compressor element speed"
      }
    },
    "vibration": {
      "rms_velocity_mm_s": {
        "min": 0.8,
        "typical": 1.5,
        "max": 2.8,
        "alarm": 4.5,
        "trip": 7.1,
        "unit": "mm/s",
        "description": "Overall RMS vibration velocity (ISO 10816-3)"
      }
    },
    "electrical": {
      "current_A": {
        "min": 42,
        "typical": 52,
        "max": 65,
        "unit": "A",
        "description": "Motor current draw"
      },
      "power_factor": {
        "min": 0.82,
        "typical": 0.88,
        "max": 0.92,
        "unit": "ratio",
        "description": "Power factor"
      }
    },
    "flow": {
      "air_flow_cfm": {
        "min": 140,
        "typical": 156,
        "max": 165,
        "unit": "cfm",
        "description": "Free air delivery"
      }
    }
  },
  "fault_signatures": {
    "discharge_temp_high": {
      "description": "High discharge temperature - compressor efficiency loss",
      "sensor_trends": {
        "discharge_air_temp_C": {
          "direction": "increase",
          "magnitude": "15-25\u00c2\u00b0C above baseline"
        },
        "oil_temp_C": {
          "direction": "increase",
          "magnitude": "10-20\u00c2\u00b0C above baseline"
        },
        "current_A": {
          "direction": "increase",
          "magnitude": "10-15% above baseline"
        }
      },
      "probable_causes": [
        "Oil cooler fouling",
        "Insufficient oil level",
        "Ambient temperature too high",
        "Screw element wear"
      ]
    },
    "pressure_drop": {
      "description": "Loss of discharge pressure",
      "sensor_trends": {
        "discharge_pressure_bar": {
          "direction": "decrease",
          "magnitude": "1-2 bar below setpoint"
        },
        "screw_rpm": {
          "direction": "increase",
          "magnitude": "Attempting to compensate"
        }
      },
      "probable_causes": [
        "Air leaks in system",
        "Screw wear",
        "Valve malfunction"
      ]
    },
    "bearing_failure": {
      "description": "Bearing degradation in motor or screw element",
      "sensor_trends": {
        "vibration_mm_s": {
          "direction": "increase",
          "magnitude": "3-5x baseline"
        },
        "motor_winding_temp_C": {
          "direction": "increase",
          "magnitude": "15-30\u00c2\u00b0C above baseline"
        }
      },
      "probable_causes": [
        "Lubrication failure",
        "Bearing wear",
        "Misalignment"
      ]
    }
  },
  "maintenance_schedule": {
    "daily": [
      "Check discharge pressure",
      "Monitor oil level",
      "Listen for unusual noise"
    ],
    "weekly": [
      "Check oil separator pressure drop",
      "Drain condensate",
      "Inspect air filter"
    ],
    "monthly": [
      "Clean air filter",
      "Check belt tension (if belt-driven)",
      "Inspect oil cooler"
    ],
    "quarterly": [
      "Change oil filter",
      "Clean oil cooler",
      "Check safety valves"
    ],
    "annual": [
      "Change compressor oil",
      "Replace air filter",
      "Check motor bearings"
    ]
  },
  "notes": [
    "Thermodynamic patterns adapted from NASA C-MAPSS turbofan data",
    "Compressor outlet temperature correlates with C-MAPSS T30 (HPC outlet)",
    "Pressure patterns similar to turbofan compression stages",
    "Atlas Copco GA series widely used in industrial applications"
  ]
}