{
  "machine_id": "compressor_ingersoll_rand_2545_009",
  "manufacturer": "Ingersoll Rand",
  "model": "2545 10HP Reciprocating",
  "category": "Reciprocating Air Compressor",
  "application": "Industrial compressed air systems, workshop air supply",
  "data_source": "Adapted from NASA C-MAPSS pressure patterns + Ingersoll Rand specifications",
  "specifications": {
    "pneumatic": {
      "displacement_cfm": 35,
      "displacement_m3_min": 1.0,
      "max_pressure_psi": 175,
      "max_pressure_bar": 12,
      "stages": 2,
      "cylinders": 2,
      "rated_speed_rpm": 705
    },
    "mechanical": {
      "motor_power_kW": 7.5,
      "motor_power_hp": 10,
      "motor_speed_rpm": 1750,
      "drive_type": "Belt drive",
      "flywheel_diameter_mm": 610
    },
    "electrical": {
      "voltage_v": 230,
      "frequency_hz": 60,
      "current_a": 40,
      "motor_type": "Single phase"
    },
    "weight_kg": 280
  },
  "baseline_normal_operation": {
    "pneumatic": {
      "discharge_pressure_psi": {
        "min": 100,
        "typical": 150,
        "max": 175,
        "alarm": 190,
        "trip": 200,
        "unit": "psi"
      },
      "discharge_temp_C": {
        "min": 80,
        "typical": 120,
        "max": 150,
        "alarm": 180,
        "trip": 200,
        "unit": "\u00c2\u00b0C",
        "source": "C-MAPSS T30 compression patterns"
      }
    },
    "temperature": {
      "cylinder_head_1st_stage_C": {
        "typical": 105,
        "max": 130,
        "alarm": 150,
        "unit": "\u00c2\u00b0C"
      },
      "cylinder_head_2nd_stage_C": {
        "typical": 135,
        "max": 160,
        "alarm": 180,
        "unit": "\u00c2\u00b0C"
      },
      "oil_temp_C": {
        "typical": 75,
        "max": 90,
        "alarm": 105,
        "unit": "\u00c2\u00b0C"
      }
    },
    "vibration": {
      "overall_rms_mm_s": {
        "typical": 3.5,
        "max": 5.5,
        "alarm": 8.0,
        "unit": "mm/s",
        "notes": "Higher than rotary due to reciprocating motion"
      }
    },
    "electrical": {
      "motor_current_a": {
        "typical": 40,
        "max": 45,
        "alarm": 50,
        "unit": "A"
      }
    }
  },
  "fault_signatures": {
    "valve_failure": {
      "description": "Intake or discharge valve wear/breakage",
      "sensor_trends": {
        "discharge_pressure": {
          "direction": "decrease",
          "magnitude": "15-30%"
        },
        "discharge_temp": {
          "direction": "increase",
          "magnitude": "+20-40\u00c2\u00b0C"
        },
        "vibration": {
          "direction": "increase",
          "magnitude": "2-3x"
        },
        "acoustic": {
          "notes": "Metallic clattering sound"
        }
      },
      "typical_rul_hours": 200
    },
    "piston_ring_wear": {
      "sensor_trends": {
        "discharge_pressure": {
          "direction": "decrease",
          "magnitude": "10-20%"
        },
        "oil_consumption": {
          "direction": "increase",
          "magnitude": "2-4x"
        },
        "blowby": {
          "notes": "Visible oil mist from crankcase breather"
        }
      },
      "typical_rul_hours": 1500
    },
    "bearing_failure": {
      "sensor_trends": {
        "vibration_overall": {
          "direction": "increase",
          "magnitude": "3-5x"
        },
        "oil_temp": {
          "direction": "increase",
          "magnitude": "+15-30\u00c2\u00b0C"
        },
        "acoustic": {
          "notes": "Knocking sound"
        }
      },
      "typical_rul_hours": 300
    },
    "intercooler_fouling": {
      "sensor_trends": {
        "2nd_stage_discharge_temp": {
          "direction": "increase",
          "magnitude": "+20-50\u00c2\u00b0C"
        },
        "pressure_ratio": {
          "direction": "decrease",
          "magnitude": "5-10%"
        }
      },
      "typical_rul_hours": 3000
    }
  },
  "maintenance_schedule": {
    "daily": [
      "Oil level check",
      "Drain moisture separator"
    ],
    "weekly": [
      "Belt tension check",
      "Vibration check"
    ],
    "monthly": [
      "Oil sample analysis",
      "Valve inspection"
    ],
    "quarterly": [
      "Oil change",
      "Filter replacement",
      "Belt replacement"
    ],
    "annual": [
      "Valve overhaul",
      "Bearing inspection",
      "Piston ring inspection"
    ],
    "component_life_expectancy": {
      "valves_hours": 8000,
      "piston_rings_hours": 15000,
      "bearings_hours": 20000,
      "belts_hours": 5000
    }
  },
  "validation_data": {
    "source_description": "C-MAPSS compression thermodynamics + Ingersoll Rand specifications",
    "quality_assessment": "Good - reciprocating dynamics different from rotary but compression physics similar"
  },
  "notes": [
    "2-stage reciprocating compressor for high pressure",
    "Reciprocating motion causes higher vibration than screw compressors",
    "Valve failures common wear item",
    "Belt-driven configuration"
  ]
}