{
  "machine_id": "conveyor_hytrol_e24ez_014",
  "manufacturer": "Hytrol Conveyor Company",
  "model": "E24EZ Roller Conveyor",
  "category": "Powered Roller Conveyor",
  "application": "Distribution centers, warehousing, heavy package handling",
  "data_source": "Adapted from motor profiles + Hytrol specifications",
  "specifications": {
    "conveyor": {
      "roller_diameter_mm": 57,
      "roller_width_mm": 610,
      "section_length_m": 3,
      "speed_m_min": 18,
      "load_capacity_kg": 75,
      "roller_spacing_mm": 75
    },
    "drive": {
      "motor_power_kW": 0.55,
      "motor_speed_rpm": 1400,
      "drive_type": "24V DC motorized roller"
    },
    "weight_kg": 120
  },
  "baseline_normal_operation": {
    "mechanical": {
      "roller_speed_rpm": {
        "typical": 93,
        "max": 105,
        "unit": "rpm"
      },
      "line_speed_m_min": {
        "typical": 18,
        "max": 20,
        "unit": "m/min"
      }
    },
    "temperature": {
      "motor_temp_C": {
        "typical": 48,
        "max": 62,
        "alarm": 75,
        "unit": "\u00c2\u00b0C"
      }
    },
    "vibration": {
      "roller_vibration_mm_s": {
        "typical": 1.1,
        "max": 2.0,
        "alarm": 3.2,
        "unit": "mm/s"
      }
    },
    "electrical": {
      "motor_voltage_v": {
        "typical": 24,
        "unit": "VDC"
      },
      "motor_current_a": {
        "typical": 2.5,
        "max": 3.2,
        "alarm": 4.0,
        "unit": "A"
      }
    }
  },
  "fault_signatures": {
    "bearing_failure": {
      "sensor_trends": {
        "vibration_overall": {
          "direction": "increase",
          "magnitude": "3-5x"
        },
        "motor_temp": {
          "direction": "increase",
          "magnitude": "+20-35\u00c2\u00b0C"
        },
        "acoustic": {
          "notes": "Grinding or squealing"
        }
      },
      "typical_rul_hours": 400
    },
    "drive_belt_wear": {
      "sensor_trends": {
        "speed_variation": {
          "magnitude": "\u00c2\u00b110-20% speed fluctuation"
        },
        "motor_current": {
          "direction": "increase",
          "magnitude": "+15-30%"
        }
      },
      "typical_rul_hours": 3000
    },
    "roller_seizure": {
      "description": "Roller bearing frozen",
      "sensor_trends": {
        "motor_current": {
          "direction": "increase",
          "magnitude": "+50-100%"
        },
        "temperature": {
          "direction": "increase",
          "magnitude": "+30-50\u00c2\u00b0C"
        },
        "line_stoppage": {
          "notes": "Product accumulation"
        }
      },
      "typical_rul_hours": 50
    }
  },
  "maintenance_schedule": {
    "daily": [
      "Roller rotation check",
      "Product flow verification"
    ],
    "weekly": [
      "Bearing noise check"
    ],
    "monthly": [
      "Roller bearing inspection"
    ],
    "quarterly": [
      "Drive system inspection"
    ],
    "annual": [
      "Motor inspection",
      "Bearing replacement (as needed)"
    ],
    "component_life_expectancy": {
      "roller_bearings_hours": 25000,
      "motor_hours": 30000
    }
  },
  "validation_data": {
    "source_description": "Motor patterns + Hytrol specifications",
    "quality_assessment": "Good"
  },
  "notes": [
    "Powered roller conveyor for heavy package handling",
    "24V DC motorized rollers",
    "Bearing failure common due to heavy loads"
  ]
}