{
  "machine_id": "conveyor_dorner_2200_013",
  "manufacturer": "Dorner",
  "model": "2200 Series Belt Conveyor",
  "category": "Belt Conveyor",
  "application": "Manufacturing material handling, packaging lines, assembly",
  "data_source": "Adapted from motor profiles + Dorner specifications",
  "specifications": {
    "conveyor": {
      "belt_width_mm": 152,
      "belt_length_m": 6,
      "speed_m_min": 9,
      "load_capacity_kg": 50,
      "belt_type": "Polyurethane with fabric backing"
    },
    "drive": {
      "motor_power_kW": 0.37,
      "motor_power_hp": 0.5,
      "motor_speed_rpm": 1400,
      "gearbox_ratio": 15,
      "drum_speed_rpm": 93,
      "drum_diameter_mm": 100
    },
    "weight_kg": 95
  },
  "baseline_normal_operation": {
    "mechanical": {
      "belt_speed_m_min": {
        "typical": 9,
        "max": 10,
        "unit": "m/min"
      },
      "belt_tension_n": {
        "typical": 250,
        "max": 350,
        "alarm": 450,
        "unit": "N"
      }
    },
    "temperature": {
      "motor_temp_C": {
        "typical": 50,
        "max": 65,
        "alarm": 80,
        "unit": "\u00c2\u00b0C",
        "source": "Small motor thermal profile"
      },
      "gearbox_temp_C": {
        "typical": 45,
        "max": 60,
        "alarm": 75,
        "unit": "\u00c2\u00b0C"
      }
    },
    "vibration": {
      "motor_vibration_mm_s": {
        "typical": 0.9,
        "max": 1.8,
        "alarm": 2.8,
        "unit": "mm/s",
        "source": "Motor vibration patterns"
      }
    },
    "electrical": {
      "motor_current_a": {
        "typical": 1.2,
        "max": 1.6,
        "alarm": 2.0,
        "unit": "A"
      }
    }
  },
  "fault_signatures": {
    "belt_misalignment": {
      "description": "Belt tracking off-center",
      "sensor_trends": {
        "vibration_lateral": {
          "direction": "increase",
          "magnitude": "2-3x"
        },
        "belt_edge_wear": {
          "notes": "Visible fraying on belt edge"
        },
        "motor_current": {
          "direction": "increase",
          "magnitude": "+10-20%"
        }
      },
      "typical_rul_hours": 200
    },
    "bearing_failure": {
      "sensor_trends": {
        "vibration_overall": {
          "direction": "increase",
          "magnitude": "3-5x"
        },
        "temperature": {
          "direction": "increase",
          "magnitude": "+15-30\u00c2\u00b0C"
        },
        "acoustic": {
          "notes": "Grinding noise"
        }
      },
      "typical_rul_hours": 300,
      "source": "Motor bearing failure patterns"
    },
    "belt_wear": {
      "sensor_trends": {
        "belt_tension": {
          "direction": "decrease",
          "magnitude": "20-40%"
        },
        "belt_slippage": {
          "notes": "Product movement irregular"
        },
        "motor_current": {
          "direction": "increase",
          "magnitude": "+15-25%"
        }
      },
      "typical_rul_hours": 5000
    },
    "gearbox_wear": {
      "sensor_trends": {
        "gearbox_temp": {
          "direction": "increase",
          "magnitude": "+15-25\u00c2\u00b0C"
        },
        "vibration_gear_mesh": {
          "direction": "increase",
          "magnitude": "2-4x at gear mesh frequency"
        },
        "acoustic": {
          "notes": "Whining noise"
        }
      },
      "typical_rul_hours": 1500
    }
  },
  "maintenance_schedule": {
    "daily": [
      "Belt tracking check",
      "Visual inspection"
    ],
    "weekly": [
      "Belt tension check",
      "Bearing temperature check"
    ],
    "monthly": [
      "Gearbox oil level",
      "Drive alignment"
    ],
    "quarterly": [
      "Belt replacement assessment",
      "Bearing lubrication"
    ],
    "annual": [
      "Gearbox oil change",
      "Motor inspection"
    ],
    "component_life_expectancy": {
      "belt_hours": 10000,
      "bearings_hours": 30000,
      "gearbox_hours": 40000
    }
  },
  "validation_data": {
    "source_description": "Motor vibration/thermal patterns + Dorner specifications",
    "quality_assessment": "Good"
  },
  "notes": [
    "Light-duty conveyor for assembly and packaging",
    "Belt misalignment most common failure mode"
  ]
}