{
  "machine_id": "cooling_tower_bac_vti_018",
  "manufacturer": "Baltimore Aircoil Company (BAC)",
  "model": "VTI 500 Ton",
  "category": "Induced Draft Cooling Tower",
  "application": "HVAC chiller heat rejection, industrial process cooling",
  "data_source": "Adapted from NASA C-MAPSS cooling patterns (W31, W32 bleed air) + BAC specifications",
  "specifications": {
    "thermal": {
      "cooling_capacity_tons": 500,
      "cooling_capacity_kw": 1760,
      "water_flow_rate_gpm": 1500,
      "water_flow_rate_m3_h": 340,
      "entering_water_temp_f": 95,
      "leaving_water_temp_f": 85,
      "wet_bulb_temp_f": 78,
      "approach_temp_f": 7
    },
    "fan": {
      "fan_diameter_mm": 2440,
      "fan_speed_rpm": 286,
      "number_of_fans": 1,
      "motor_power_kW": 22,
      "motor_power_hp": 30,
      "blade_count": 6,
      "fan_type": "Axial propeller"
    },
    "construction": {
      "casing": "Galvanized steel",
      "fill_type": "PVC film fill",
      "basin_capacity_liters": 2270,
      "dimensions_m": [
        6.1,
        6.1,
        6.7
      ]
    },
    "weight_kg": 5400
  },
  "baseline_normal_operation": {
    "thermal": {
      "inlet_water_temp_C": {
        "min": 30,
        "typical": 35,
        "max": 40,
        "unit": "\u00c2\u00b0C",
        "source": "C-MAPSS W31/W32 cooling bleed temperatures adapted"
      },
      "outlet_water_temp_C": {
        "min": 25,
        "typical": 29.4,
        "max": 35,
        "unit": "\u00c2\u00b0C",
        "notes": "Target 5.6\u00c2\u00b0C (10\u00c2\u00b0F) temperature drop"
      },
      "approach_temp_C": {
        "typical": 3.9,
        "max": 5.5,
        "alarm": 7.0,
        "unit": "\u00c2\u00b0C",
        "notes": "Difference between outlet water and wet bulb air temp"
      },
      "wet_bulb_temp_C": {
        "typical": 25.6,
        "max": 30,
        "unit": "\u00c2\u00b0C",
        "notes": "Ambient air wet bulb temperature"
      }
    },
    "hydraulic": {
      "water_flow_rate_m3_h": {
        "min": 250,
        "typical": 340,
        "max": 380,
        "unit": "m\u00c2\u00b3/h"
      },
      "makeup_water_rate_m3_h": {
        "typical": 5,
        "max": 10,
        "unit": "m\u00c2\u00b3/h",
        "notes": "Compensates for evaporation and blowdown"
      }
    },
    "fan_performance": {
      "fan_speed_rpm": {
        "typical": 286,
        "max": 300,
        "unit": "rpm"
      },
      "motor_current_a": {
        "typical": 38,
        "max": 44,
        "alarm": 50,
        "unit": "A"
      }
    },
    "vibration": {
      "fan_bearing_vibration_mm_s": {
        "typical": 2.0,
        "max": 3.5,
        "alarm": 5.5,
        "trip": 8.0,
        "unit": "mm/s RMS",
        "source": "Large fan vibration standards"
      }
    },
    "water_quality": {
      "ph": {
        "min": 6.5,
        "typical": 7.5,
        "max": 8.5,
        "alarm": 9.0,
        "unit": "pH"
      },
      "conductivity_us_cm": {
        "typical": 1200,
        "max": 2000,
        "alarm": 2500,
        "unit": "\u00ce\u00bcS/cm",
        "notes": "Indicates dissolved solids concentration"
      },
      "cycles_of_concentration": {
        "typical": 4,
        "max": 6,
        "unit": "ratio",
        "notes": "Ratio of tower water to makeup water conductivity"
      }
    }
  },
  "fault_signatures": {
    "fill_fouling": {
      "description": "Scale, algae, or debris buildup on fill material reducing heat transfer",
      "sensor_trends": {
        "approach_temperature": {
          "direction": "increase",
          "magnitude": "+2-5\u00c2\u00b0C above baseline",
          "notes": "Reduced heat transfer efficiency"
        },
        "outlet_water_temp": {
          "direction": "increase",
          "magnitude": "+3-7\u00c2\u00b0C above target"
        },
        "pressure_drop": {
          "direction": "increase",
          "magnitude": "+20-50% across fill"
        }
      },
      "typical_rul_hours": 2000,
      "source": "C-MAPSS cooling bleed degradation patterns adapted"
    },
    "fan_bearing_failure": {
      "description": "Fan motor or gearbox bearing degradation",
      "sensor_trends": {
        "vibration_overall": {
          "direction": "increase",
          "magnitude": "3-5x baseline"
        },
        "bearing_temperature": {
          "direction": "increase",
          "magnitude": "+20-40\u00c2\u00b0C"
        },
        "vibration_bearing_frequencies": {
          "direction": "increase",
          "magnitude": "10-30x at bearing defect frequencies"
        }
      },
      "typical_rul_hours": 400,
      "source": "Fan bearing failure patterns"
    },
    "fan_blade_damage": {
      "description": "Fan blade erosion, cracking, or imbalance",
      "sensor_trends": {
        "vibration_1x": {
          "direction": "increase",
          "magnitude": "2-4x at 1\u00c3\u2014 fan speed (4.77 Hz at 286 RPM)"
        },
        "airflow": {
          "direction": "decrease",
          "magnitude": "10-25% reduction"
        },
        "approach_temperature": {
          "direction": "increase",
          "magnitude": "+2-4\u00c2\u00b0C due to reduced airflow"
        }
      },
      "typical_rul_hours": 800
    },
    "water_distribution_failure": {
      "description": "Spray nozzles clogged or piping leakage",
      "sensor_trends": {
        "water_distribution": {
          "notes": "Uneven water distribution across fill"
        },
        "approach_temperature": {
          "direction": "increase",
          "magnitude": "+3-6\u00c2\u00b0C in affected zones"
        },
        "makeup_water_rate": {
          "direction": "increase",
          "magnitude": "+50-150% if leakage present"
        }
      },
      "typical_rul_hours": 1500
    },
    "scaling": {
      "description": "Mineral scale buildup reducing heat transfer",
      "sensor_trends": {
        "approach_temperature": {
          "direction": "increase",
          "magnitude": "+2-5\u00c2\u00b0C gradual increase"
        },
        "conductivity": {
          "direction": "increase",
          "magnitude": ">2500 \u00ce\u00bcS/cm indicates high dissolved solids"
        },
        "cycles_of_concentration": {
          "direction": "increase",
          "magnitude": ">6 cycles indicates scale risk"
        }
      },
      "typical_rul_hours": 3000
    },
    "motor_failure": {
      "description": "Fan motor degradation",
      "sensor_trends": {
        "motor_current": {
          "direction": "increase",
          "magnitude": "+15-30%"
        },
        "motor_temperature": {
          "direction": "increase",
          "magnitude": "+20-40\u00c2\u00b0C"
        },
        "vibration": {
          "direction": "increase",
          "magnitude": "2-4x"
        }
      },
      "typical_rul_hours": 600,
      "source": "Motor failure patterns"
    }
  },
  "maintenance_schedule": {
    "weekly": [
      "Visual inspection for leaks",
      "Water level check",
      "Water treatment chemical levels"
    ],
    "monthly": [
      "Water quality testing (pH, conductivity)",
      "Fan vibration trending",
      "Motor current measurement",
      "Basin cleaning"
    ],
    "quarterly": [
      "Fill inspection and cleaning",
      "Spray nozzle inspection",
      "Fan bearing lubrication",
      "Drift eliminator inspection"
    ],
    "annual": [
      "Fill replacement (as needed)",
      "Fan blade inspection and balancing",
      "Motor inspection",
      "Gearbox oil change",
      "Heat transfer performance test"
    ],
    "component_life_expectancy": {
      "fill_years": 15,
      "fan_blades_years": 10,
      "motor_bearings_hours": 30000,
      "spray_nozzles_years": 8
    }
  },
  "validation_data": {
    "source_description": "NASA C-MAPSS W31/W32 (cooling bleed air) thermal patterns adapted + BAC specifications",
    "adaptation_methodology": "Turbofan cooling bleed temperatures scaled to water-based heat rejection, fan patterns from axial fan profiles",
    "quality_assessment": "Good - cooling thermodynamics similar between turbofan and cooling tower"
  },
  "notes": [
    "500-ton induced draft cooling tower for HVAC or industrial process cooling",
    "Evaporative cooling: ~75-80% of heat rejection via evaporation, 20-25% via sensible heat",
    "Approach temperature (outlet water - wet bulb air) key performance indicator",
    "6-blade fan: Blade Pass Frequency = 6 \u00c3\u2014 286/60 = 28.6 Hz",
    "Water quality critical - scale and biological fouling reduce efficiency",
    "Makeup water compensates for evaporation (~1% per 5.6\u00c2\u00b0C cooling range), drift (~0.2%), and blowdown",
    "Cycles of concentration: ratio of tower water conductivity to makeup water conductivity",
    "High cycles (>6) increase scale risk, low cycles (<3) waste water",
    "C-MAPSS W31/W32 cooling bleed patterns provide validated thermal degradation physics",
    "Fill fouling most common failure mode, reduces heat transfer efficiency gradually"
  ]
}