{
  "machine_id": "fan_ebm_papst_a3g710_007",
  "manufacturer": "ebm-papst",
  "model": "A3G710-AX23-11",
  "category": "Axial Fan",
  "application": "HVAC, data center cooling, industrial ventilation",
  "data_source": "Adapted from NASA C-MAPSS fan speed and airflow patterns + ebm-papst specifications",
  "specifications": {
    "aerodynamic": {
      "airflow_m3_h": 25000,
      "airflow_cfm": 14700,
      "static_pressure_pa": 250,
      "impeller_diameter_mm": 710,
      "blade_count": 9,
      "rated_speed_rpm": 1400
    },
    "electrical": {
      "motor_power_kW": 7.5,
      "voltage_v": 400,
      "frequency_hz": 50,
      "current_a": 14.5,
      "motor_type": "EC motor (electronically commutated)"
    },
    "weight_kg": 95
  },
  "baseline_normal_operation": {
    "aerodynamic": {
      "airflow_m3_h": {
        "min": 5000,
        "typical": 25000,
        "max": 28000,
        "unit": "m\u00c2\u00b3/h",
        "source": "ebm-papst curve + C-MAPSS BPR patterns"
      },
      "static_pressure_pa": {
        "min": 50,
        "typical": 250,
        "max": 300,
        "unit": "Pa"
      }
    },
    "temperature": {
      "motor_temp_C": {
        "typical": 60,
        "max": 75,
        "alarm": 90,
        "unit": "\u00c2\u00b0C",
        "source": "C-MAPSS T2 fan inlet adapted"
      },
      "bearing_temp_C": {
        "typical": 50,
        "max": 65,
        "alarm": 80,
        "unit": "\u00c2\u00b0C"
      }
    },
    "vibration": {
      "overall_rms_mm_s": {
        "typical": 1.4,
        "max": 2.8,
        "alarm": 4.5,
        "unit": "mm/s",
        "standard": "ISO 20816-1 Category II"
      }
    },
    "electrical": {
      "current_a": {
        "typical": 14.5,
        "max": 16,
        "alarm": 18,
        "unit": "A"
      },
      "power_kW": {
        "typical": 7.5,
        "max": 8.5,
        "unit": "kW"
      }
    },
    "acoustic": {
      "sound_pressure_level_dBA": {
        "typical": 78,
        "max": 82,
        "unit": "dB(A)"
      }
    }
  },
  "fault_signatures": {
    "blade_imbalance": {
      "description": "Blade damage, erosion, or buildup causing imbalance",
      "sensor_trends": {
        "vibration_1x": {
          "direction": "increase",
          "magnitude": "3-5x at 1\u00c3\u2014 running speed (23.3 Hz at 1400 RPM)"
        },
        "vibration_overall": {
          "direction": "increase",
          "magnitude": "2-3x"
        },
        "airflow": {
          "direction": "decrease",
          "magnitude": "5-15%"
        }
      },
      "typical_rul_hours": 500,
      "source": "C-MAPSS fan degradation patterns"
    },
    "bearing_failure": {
      "sensor_trends": {
        "bearing_temperature": {
          "direction": "increase",
          "magnitude": "+20-35\u00c2\u00b0C"
        },
        "vibration_overall": {
          "direction": "increase",
          "magnitude": "3-5x"
        },
        "vibration_bearing_frequencies": {
          "direction": "increase",
          "magnitude": "10-25x"
        }
      },
      "typical_rul_hours": 250
    },
    "motor_winding_degradation": {
      "sensor_trends": {
        "motor_temperature": {
          "direction": "increase",
          "magnitude": "+15-30\u00c2\u00b0C"
        },
        "current": {
          "direction": "increase",
          "magnitude": "+10-20%"
        }
      },
      "typical_rul_hours": 400
    },
    "blade_fouling": {
      "description": "Dirt, dust buildup on blades reducing efficiency",
      "sensor_trends": {
        "airflow": {
          "direction": "decrease",
          "magnitude": "15-30%"
        },
        "power": {
          "direction": "increase",
          "magnitude": "+5-15%"
        },
        "vibration_blade_pass": {
          "direction": "increase",
          "magnitude": "2-3x at BPF (9\u00c3\u2014RPM = 210 Hz)"
        }
      },
      "typical_rul_hours": 2000
    }
  },
  "maintenance_schedule": {
    "monthly": [
      "Visual blade inspection",
      "Vibration check"
    ],
    "quarterly": [
      "Blade cleaning",
      "Bearing inspection",
      "Vibration analysis"
    ],
    "annual": [
      "Motor inspection",
      "Bearing lubrication",
      "Alignment check"
    ],
    "component_life_expectancy": {
      "bearings_hours": 40000,
      "motor_years": 15,
      "blades_years": 10
    }
  },
  "validation_data": {
    "source_description": "C-MAPSS Nf (fan speed) and BPR (bypass ratio) patterns adapted + ebm-papst specs",
    "quality_assessment": "Good - fan aerodynamics from turbofan data"
  },
  "notes": [
    "Large axial fan for industrial ventilation",
    "EC motor (electronically commutated) for energy efficiency",
    "9 blades: Blade Pass Frequency = 9 \u00c3\u2014 1400/60 = 210 Hz",
    "Common in HVAC and data center cooling"
  ]
}