{
  "machine_id": "fan_howden_buffalo_008",
  "manufacturer": "Howden Buffalo",
  "model": "Size 48 Arrangement 4",
  "category": "Centrifugal Fan - Backward Curved",
  "application": "Industrial ventilation, combustion air, material handling",
  "data_source": "Adapted from NASA C-MAPSS fan patterns + Howden specifications",
  "specifications": {
    "aerodynamic": {
      "airflow_m3_h": 150000,
      "airflow_cfm": 88000,
      "static_pressure_pa": 2500,
      "fan_size_mm": 1220,
      "wheel_diameter_mm": 1200,
      "blade_count": 16,
      "rated_speed_rpm": 1180
    },
    "mechanical": {
      "motor_power_kW": 250,
      "motor_power_hp": 335,
      "drive_type": "Belt drive (V-belts)",
      "shaft_diameter_mm": 95,
      "bearing_type": "Spherical roller bearings"
    },
    "electrical": {
      "voltage_v": 460,
      "frequency_hz": 60,
      "current_a": 310,
      "power_factor": 0.89
    },
    "weight_kg": 2800
  },
  "baseline_normal_operation": {
    "aerodynamic": {
      "airflow_m3_h": {
        "min": 30000,
        "typical": 150000,
        "max": 170000,
        "unit": "m\u00c2\u00b3/h"
      },
      "static_pressure_pa": {
        "min": 500,
        "typical": 2500,
        "max": 3000,
        "unit": "Pa"
      }
    },
    "temperature": {
      "bearing_inboard_temp_C": {
        "typical": 70,
        "max": 85,
        "alarm": 100,
        "unit": "\u00c2\u00b0C"
      },
      "bearing_outboard_temp_C": {
        "typical": 65,
        "max": 80,
        "alarm": 95,
        "unit": "\u00c2\u00b0C"
      },
      "motor_temp_C": {
        "typical": 80,
        "max": 95,
        "alarm": 110,
        "unit": "\u00c2\u00b0C"
      }
    },
    "vibration": {
      "overall_rms_mm_s": {
        "typical": 3.2,
        "max": 4.5,
        "alarm": 7.1,
        "trip": 11.0,
        "unit": "mm/s",
        "standard": "ISO 20816-1 Category IV (>300kW)"
      }
    },
    "electrical": {
      "motor_current_a": {
        "typical": 310,
        "max": 340,
        "alarm": 380,
        "unit": "A"
      },
      "power_kW": {
        "typical": 250,
        "max": 280,
        "unit": "kW"
      }
    }
  },
  "fault_signatures": {
    "wheel_imbalance": {
      "sensor_trends": {
        "vibration_1x": {
          "direction": "increase",
          "magnitude": "3-6x at 1\u00c3\u2014 running speed (19.7 Hz at 1180 RPM)"
        },
        "vibration_overall": {
          "direction": "increase",
          "magnitude": "2-4x"
        },
        "bearing_temperature": {
          "direction": "increase",
          "magnitude": "+10-25\u00c2\u00b0C"
        }
      },
      "typical_rul_hours": 600
    },
    "bearing_failure": {
      "sensor_trends": {
        "bearing_temperature": {
          "direction": "increase",
          "magnitude": "+25-45\u00c2\u00b0C"
        },
        "vibration_overall": {
          "direction": "increase",
          "magnitude": "4-7x"
        }
      },
      "typical_rul_hours": 350
    },
    "belt_wear": {
      "description": "V-belt wear and misalignment",
      "sensor_trends": {
        "vibration_belt_frequency": {
          "direction": "increase",
          "magnitude": "2-4x at belt pass frequency"
        },
        "motor_current": {
          "direction": "increase",
          "magnitude": "+5-10%"
        }
      },
      "typical_rul_hours": 4000
    },
    "blade_erosion": {
      "sensor_trends": {
        "airflow": {
          "direction": "decrease",
          "magnitude": "10-20%"
        },
        "vibration_blade_pass": {
          "direction": "increase",
          "magnitude": "2-3x at BPF (16\u00c3\u2014RPM = 315 Hz)"
        },
        "power": {
          "direction": "increase",
          "magnitude": "+10-20%"
        }
      },
      "typical_rul_hours": 8000
    }
  },
  "maintenance_schedule": {
    "weekly": [
      "Belt tension check",
      "Visual inspection"
    ],
    "monthly": [
      "Vibration trending",
      "Belt wear inspection"
    ],
    "quarterly": [
      "Bearing inspection",
      "Wheel cleaning",
      "Vibration analysis"
    ],
    "annual": [
      "Bearing replacement (or relubrication)",
      "Belt replacement",
      "Alignment check",
      "Wheel balance verification"
    ],
    "component_life_expectancy": {
      "bearings_hours": 35000,
      "belts_hours": 15000,
      "wheel_years": 15
    }
  },
  "validation_data": {
    "source_description": "C-MAPSS fan speed patterns + Howden centrifugal fan specifications",
    "quality_assessment": "Good - large centrifugal fan with belt drive dynamics"
  },
  "notes": [
    "Large industrial centrifugal fan (Size 48 = 48 inches/1220mm)",
    "Belt-driven configuration adds belt-related fault modes",
    "16 backward-curved blades: BPF = 16 \u00c3\u2014 1180/60 = 315 Hz",
    "Category IV vibration limits (very large machine >300kW)"
  ]
}