{
  "machine_id": "hydraulic_parker_hpu_012",
  "manufacturer": "Parker Hannifin",
  "model": "PAC 5000 Series HPU",
  "category": "Hydraulic Power Unit",
  "application": "Central hydraulic power supply for manufacturing equipment",
  "data_source": "Adapted from NASA C-MAPSS + Parker specifications",
  "specifications": {
    "hydraulic": {
      "flow_rate_lpm": 95,
      "flow_rate_gpm": 25,
      "max_pressure_bar": 210,
      "reservoir_capacity_liters": 200,
      "pump_type": "Piston pump variable displacement"
    },
    "motor": {
      "power_kW": 22,
      "voltage_v": 400,
      "speed_rpm": 1450
    },
    "weight_kg": 850
  },
  "baseline_normal_operation": {
    "hydraulic": {
      "system_pressure_bar": {
        "typical": 180,
        "max": 210,
        "alarm": 220,
        "unit": "bar"
      },
      "flow_rate_lpm": {
        "typical": 95,
        "max": 105,
        "unit": "lpm"
      }
    },
    "temperature": {
      "oil_temp_C": {
        "typical": 50,
        "max": 60,
        "alarm": 70,
        "unit": "\u00c2\u00b0C"
      },
      "pump_temp_C": {
        "typical": 55,
        "max": 70,
        "alarm": 85,
        "unit": "\u00c2\u00b0C"
      }
    },
    "vibration": {
      "pump_vibration_mm_s": {
        "typical": 2.0,
        "max": 3.2,
        "alarm": 5.0,
        "unit": "mm/s"
      }
    },
    "fluid_quality": {
      "contamination_iso_code": {
        "typical": "18/16/13",
        "alarm": "20/18/15"
      }
    }
  },
  "fault_signatures": {
    "pump_wear": {
      "sensor_trends": {
        "flow_rate": {
          "direction": "decrease",
          "magnitude": "15-25%"
        },
        "pressure": {
          "direction": "decrease",
          "magnitude": "10-20%"
        },
        "oil_temp": {
          "direction": "increase",
          "magnitude": "+10-25\u00c2\u00b0C"
        }
      },
      "typical_rul_hours": 1000
    },
    "seal_leakage": {
      "sensor_trends": {
        "reservoir_level": {
          "direction": "decrease"
        },
        "external_leakage": {
          "notes": "Visible oil leaks"
        }
      },
      "typical_rul_hours": 1200
    },
    "filter_clogging": {
      "sensor_trends": {
        "filter_differential_pressure": {
          "direction": "increase",
          "magnitude": "2-4x"
        },
        "flow_rate": {
          "direction": "decrease",
          "magnitude": "5-15%"
        }
      },
      "typical_rul_hours": 500
    }
  },
  "maintenance_schedule": {
    "daily": [
      "Oil level check",
      "Leak inspection"
    ],
    "monthly": [
      "Filter replacement",
      "Oil analysis"
    ],
    "quarterly": [
      "Valve inspection",
      "Pressure test"
    ],
    "annual": [
      "Oil change",
      "Pump inspection"
    ],
    "component_life_expectancy": {
      "pump_hours": 18000,
      "filters_hours": 1000,
      "oil_hours": 3000
    }
  },
  "validation_data": {
    "source_description": "C-MAPSS hydraulic patterns + Parker HPU specifications",
    "quality_assessment": "Good"
  },
  "notes": [
    "Central hydraulic power unit",
    "Supplies multiple hydraulic actuators"
  ]
}