{
  "machine_id": "hydraulic_beckwood_press_011",
  "manufacturer": "Beckwood Press Company",
  "model": "BP5-3048",
  "category": "Hydraulic Press",
  "application": "Metal forming, stamping, compression molding, assembly",
  "data_source": "Adapted from NASA C-MAPSS pressure patterns + Beckwood specifications",
  "specifications": {
    "press_capabilities": {
      "tonnage": 50,
      "tonnage_kn": 444.8,
      "bed_size_mm": [
        760,
        1220
      ],
      "daylight_mm": 910,
      "stroke_mm": 300,
      "speed_mm_s": 25
    },
    "hydraulic_system": {
      "pump_type": "Variable displacement piston pump",
      "pump_displacement_cc_rev": 100,
      "system_pressure_bar": 207,
      "system_pressure_psi": 3000,
      "reservoir_capacity_liters": 380,
      "oil_type": "ISO VG 46 hydraulic oil"
    },
    "motor": {
      "power_kW": 15,
      "power_hp": 20,
      "voltage_v": 460,
      "speed_rpm": 1750
    },
    "weight_kg": 2700
  },
  "baseline_normal_operation": {
    "hydraulic": {
      "system_pressure_bar": {
        "min": 50,
        "typical": 207,
        "max": 220,
        "alarm": 230,
        "trip": 250,
        "unit": "bar",
        "source": "C-MAPSS P30 adapted to hydraulic"
      },
      "pump_pressure_bar": {
        "typical": 210,
        "max": 225,
        "alarm": 235,
        "unit": "bar"
      }
    },
    "temperature": {
      "oil_temp_C": {
        "min": 35,
        "typical": 55,
        "max": 65,
        "alarm": 75,
        "trip": 85,
        "unit": "\u00c2\u00b0C",
        "source": "C-MAPSS thermal patterns"
      },
      "pump_case_temp_C": {
        "typical": 60,
        "max": 75,
        "alarm": 90,
        "unit": "\u00c2\u00b0C"
      }
    },
    "vibration": {
      "pump_vibration_mm_s": {
        "typical": 2.2,
        "max": 3.5,
        "alarm": 5.5,
        "unit": "mm/s RMS"
      }
    },
    "fluid_quality": {
      "oil_viscosity_cst": {
        "min": 38,
        "typical": 46,
        "max": 54,
        "unit": "cSt at 40\u00c2\u00b0C"
      },
      "contamination_iso_code": {
        "typical": "18/16/13",
        "alarm": "20/18/15",
        "notes": "ISO 4406 cleanliness code"
      }
    },
    "performance": {
      "cycle_time_seconds": {
        "typical": 15,
        "max": 18,
        "unit": "seconds"
      },
      "force_accuracy_percent": {
        "typical": 2,
        "max": 5,
        "unit": "%"
      }
    }
  },
  "fault_signatures": {
    "pump_wear": {
      "description": "Internal pump wear causing efficiency loss",
      "sensor_trends": {
        "system_pressure": {
          "direction": "decrease",
          "magnitude": "10-20%"
        },
        "pump_case_temp": {
          "direction": "increase",
          "magnitude": "+15-30\u00c2\u00b0C"
        },
        "oil_temp": {
          "direction": "increase",
          "magnitude": "+10-20\u00c2\u00b0C"
        },
        "cycle_time": {
          "direction": "increase",
          "magnitude": "+20-40%"
        }
      },
      "typical_rul_hours": 800,
      "source": "C-MAPSS performance degradation patterns"
    },
    "valve_failure": {
      "description": "Directional or pressure relief valve malfunction",
      "sensor_trends": {
        "pressure_fluctuation": {
          "magnitude": "\u00c2\u00b110-30 bar oscillation"
        },
        "cycle_time": {
          "direction": "increase",
          "magnitude": "+15-35%"
        },
        "force_accuracy": {
          "direction": "degradation",
          "magnitude": "5-15% error"
        }
      },
      "typical_rul_hours": 500
    },
    "seal_leakage": {
      "description": "Hydraulic seal degradation",
      "sensor_trends": {
        "external_leakage": {
          "notes": "Visible oil dripping"
        },
        "reservoir_level": {
          "direction": "decrease",
          "notes": "Requiring frequent top-up"
        },
        "pressure": {
          "direction": "decrease",
          "magnitude": "5-10%"
        }
      },
      "typical_rul_hours": 1500
    },
    "oil_degradation": {
      "description": "Hydraulic fluid contamination or oxidation",
      "sensor_trends": {
        "oil_viscosity": {
          "direction": "change",
          "magnitude": "\u00c2\u00b120% from nominal"
        },
        "contamination_iso_code": {
          "direction": "increase",
          "notes": "ISO code increases to 21/19/16 or worse"
        },
        "oil_temp": {
          "direction": "increase",
          "magnitude": "+5-15\u00c2\u00b0C"
        },
        "pump_wear": {
          "notes": "Accelerated wear from contaminated oil"
        }
      },
      "typical_rul_hours": 3000
    },
    "accumulator_failure": {
      "description": "Hydraulic accumulator precharge loss or bladder failure",
      "sensor_trends": {
        "pressure_pulsation": {
          "direction": "increase",
          "magnitude": "2-4x higher pressure ripple"
        },
        "cycle_time": {
          "direction": "increase",
          "magnitude": "+10-20%"
        }
      },
      "typical_rul_hours": 2000
    }
  },
  "maintenance_schedule": {
    "daily": [
      "Oil level check",
      "Visual leak inspection",
      "Pressure gauge check"
    ],
    "weekly": [
      "Filter inspection",
      "Temperature monitoring"
    ],
    "monthly": [
      "Oil sample analysis",
      "Filter replacement",
      "Pressure test"
    ],
    "quarterly": [
      "Valve inspection",
      "Accumulator precharge check"
    ],
    "annual": [
      "Oil change",
      "Pump overhaul inspection",
      "Seal replacement",
      "System flush"
    ],
    "component_life_expectancy": {
      "pump_hours": 15000,
      "seals_hours": 8000,
      "valves_hours": 20000,
      "oil_change_hours": 2000
    }
  },
  "validation_data": {
    "source_description": "C-MAPSS pressure patterns (P30) adapted to hydraulic fluid power systems",
    "quality_assessment": "Good - pressure and thermal dynamics similar to turbomachinery"
  },
  "notes": [
    "Hydraulic press for metal forming and assembly operations",
    "System pressure 207 bar (3000 psi) typical industrial hydraulic pressure",
    "Oil contamination critical - ISO 4406 cleanliness code monitored",
    "Pump wear causes pressure drop and heat generation (similar to C-MAPSS degradation)"
  ]
}