{
  "machine_id": "motor_weg_w22_003",
  "manufacturer": "WEG",
  "model": "W22 250 M/L 02",
  "category": "Electric Motor - Induction",
  "application": "Large industrial compressors, heavy-duty pumps, mill drives",
  "data_source": "Adapted from NASA C-MAPSS thermal patterns + WEG specifications",
  "specifications": {
    "power": {
      "rating_kW": 200,
      "rating_hp": 268,
      "efficiency_percent": 95.8,
      "efficiency_class": "IE3"
    },
    "mechanical": {
      "rated_speed_rpm": 1780,
      "frequency_hz": 60,
      "poles": 4,
      "frame_size": "NEMA 449T / IEC 250M",
      "mounting": "B3 (foot mounted)",
      "shaft_height_mm": 250
    },
    "electrical": {
      "voltage_v": 460,
      "current_a": 248,
      "power_factor": 0.89,
      "starting_current_ratio": 8.2,
      "connection": "Wye",
      "service_factor": 1.15
    },
    "environmental": {
      "ambient_temp_range_C": [
        -20,
        50
      ],
      "altitude_max_m": 1000,
      "protection_class": "IP55",
      "insulation_class": "F",
      "cooling_method": "IC411 (fan cooled)",
      "temp_rise_class_C": 80
    },
    "bearings": {
      "drive_end": "6318-2Z",
      "non_drive_end": "6316-2Z",
      "lubrication": "Regreaseable",
      "regreasing_interval_hours": 4000,
      "grease_type": "NLGI 2 lithium complex"
    },
    "weight_kg": 1150
  },
  "baseline_normal_operation": {
    "temperature": {
      "bearing_de_temp_C": {
        "min": 58,
        "typical": 72,
        "max": 90,
        "alarm": 105,
        "trip": 115,
        "unit": "\u00c2\u00b0C",
        "measurement_location": "Drive end bearing housing",
        "source": "C-MAPSS thermal patterns scaled by power rating (200kW vs 5.5kW = +50% thermal load)"
      },
      "bearing_nde_temp_C": {
        "min": 52,
        "typical": 65,
        "max": 82,
        "alarm": 98,
        "trip": 108,
        "unit": "\u00c2\u00b0C",
        "measurement_location": "Non-drive end bearing housing",
        "source": "C-MAPSS adapted, NDE cooler than DE"
      },
      "winding_temp_C": {
        "min": 75,
        "typical": 95,
        "max": 118,
        "alarm": 140,
        "trip": 155,
        "unit": "\u00c2\u00b0C",
        "measurement_location": "Stator winding (RTD embedded)",
        "source": "C-MAPSS thermal patterns, Class F insulation (155\u00c2\u00b0C rated), 80\u00c2\u00b0C rise"
      },
      "frame_temp_C": {
        "min": 52,
        "typical": 68,
        "max": 85,
        "alarm": 95,
        "trip": null,
        "unit": "\u00c2\u00b0C",
        "measurement_location": "Motor frame surface",
        "source": "WEG W22 specifications"
      }
    },
    "vibration": {
      "overall_rms_mm_s": {
        "min": 1.6,
        "typical": 2.8,
        "max": 4.5,
        "alarm": 7.1,
        "trip": 11.0,
        "unit": "mm/s RMS",
        "frequency_range": "10-1000 Hz",
        "standard": "ISO 20816-1 Category III (75kW < P \u00e2\u2030\u00a4 300kW)",
        "source": "ISO standard for large motors"
      },
      "axial_mm_s": {
        "min": 0.6,
        "typical": 1.1,
        "max": 1.8,
        "alarm": 2.8,
        "trip": 4.5,
        "unit": "mm/s RMS",
        "source": "Typical 40% of radial vibration"
      }
    },
    "electrical": {
      "current_a": {
        "min": 25,
        "typical": 248,
        "max": 272,
        "alarm": 298,
        "trip": 335,
        "unit": "A",
        "measurement_location": "All 3 phases monitored",
        "source": "WEG specifications, 200kW at 460V, 1.15 SF"
      },
      "power_factor": {
        "min": 0.85,
        "typical": 0.89,
        "max": 0.91,
        "unit": "ratio",
        "source": "WEG W22 rated power factor"
      },
      "current_imbalance_percent": {
        "typical": 1.2,
        "max": 2.5,
        "alarm": 5,
        "trip": 10,
        "unit": "%",
        "source": "NEMA MG1 recommendations for large motors"
      }
    },
    "acoustic": {
      "sound_pressure_level_dBA": {
        "typical": 87,
        "max": 91,
        "unit": "dB(A)",
        "measurement_distance_m": 1,
        "source": "WEG W22 acoustic data"
      }
    }
  },
  "load_profiles": {
    "no_load": {
      "load_percent": 0,
      "current_a": 75,
      "power_factor": 0.12,
      "vibration_mm_s": 2.3,
      "bearing_de_temp_C": 62,
      "bearing_nde_temp_C": 56,
      "winding_temp_C": 80,
      "notes": "Motor spinning unloaded, magnetizing current only"
    },
    "quarter_load": {
      "load_percent": 25,
      "current_a": 105,
      "power_factor": 0.65,
      "vibration_mm_s": 2.6,
      "bearing_de_temp_C": 66,
      "bearing_nde_temp_C": 59,
      "winding_temp_C": 86,
      "efficiency_percent": 93.8
    },
    "half_load": {
      "load_percent": 50,
      "current_a": 155,
      "power_factor": 0.84,
      "vibration_mm_s": 2.8,
      "bearing_de_temp_C": 72,
      "bearing_nde_temp_C": 65,
      "winding_temp_C": 95,
      "efficiency_percent": 95.4
    },
    "three_quarter_load": {
      "load_percent": 75,
      "current_a": 210,
      "power_factor": 0.88,
      "vibration_mm_s": 3.0,
      "bearing_de_temp_C": 80,
      "bearing_nde_temp_C": 72,
      "winding_temp_C": 106,
      "efficiency_percent": 95.8
    },
    "full_load": {
      "load_percent": 100,
      "current_a": 248,
      "power_factor": 0.89,
      "vibration_mm_s": 3.2,
      "bearing_de_temp_C": 86,
      "bearing_nde_temp_C": 78,
      "winding_temp_C": 115,
      "efficiency_percent": 95.8
    }
  },
  "bearing_fault_frequencies": {
    "drive_end_6318": {
      "bearing_type": "Deep groove ball bearing 6318-2Z",
      "pitch_diameter_mm": 112.5,
      "ball_diameter_mm": 25.4,
      "number_of_balls": 9,
      "contact_angle_deg": 0,
      "shaft_speed_rpm": 1780,
      "shaft_speed_hz": 29.67,
      "BPFO_hz": 103.8,
      "BPFO_order": 3.5,
      "BPFI_hz": 162.2,
      "BPFI_order": 5.47,
      "BSF_hz": 50.4,
      "FTF_hz": 11.5,
      "calculation_source": "SKF bearing geometry"
    },
    "non_drive_end_6316": {
      "bearing_type": "Deep groove ball bearing 6316-2Z",
      "pitch_diameter_mm": 100,
      "ball_diameter_mm": 23.812,
      "number_of_balls": 8,
      "shaft_speed_rpm": 1780,
      "BPFO_hz": 104.2,
      "BPFI_hz": 161.3,
      "BSF_hz": 49.8,
      "FTF_hz": 11.6
    }
  },
  "fault_signatures": {
    "bearing_outer_race_defect": {
      "description": "Spalling or crack on outer race of bearing",
      "sensor_trends": {
        "vibration_overall": {
          "direction": "increase",
          "magnitude": "3-5x baseline",
          "progression": "gradual over 120-180 hours (faster than smaller motors due to higher loads)"
        },
        "vibration_BPFO_frequency": {
          "direction": "increase",
          "magnitude": "15-40x baseline at BPFO and harmonics",
          "notes": "DE: 103.8 Hz, NDE: 104.2 Hz"
        },
        "bearing_temperature": {
          "direction": "increase",
          "magnitude": "+20-40\u00c2\u00b0C above baseline",
          "progression": "accelerating in final 30 hours"
        }
      },
      "typical_rul_hours": 150,
      "source": "Industry bearing failure patterns for large motors"
    },
    "bearing_inner_race_defect": {
      "description": "Spalling or crack on inner race of bearing",
      "sensor_trends": {
        "vibration_overall": {
          "direction": "increase",
          "magnitude": "4-7x baseline"
        },
        "vibration_BPFI_frequency": {
          "direction": "increase",
          "magnitude": "20-50x baseline at BPFI (DE: 162.2 Hz, NDE: 161.3 Hz)",
          "notes": "BPFI modulated at 1\u00c3\u2014 shaft speed (29.67 Hz)"
        },
        "bearing_temperature": {
          "direction": "increase",
          "magnitude": "+25-45\u00c2\u00b0C above baseline"
        }
      },
      "typical_rul_hours": 100,
      "source": "Industry bearing failure patterns"
    },
    "rotor_unbalance": {
      "description": "Mass imbalance causing high centrifugal forces",
      "sensor_trends": {
        "vibration_1x_frequency": {
          "direction": "increase",
          "magnitude": "3-5x baseline at 1\u00c3\u2014 running speed (29.67 Hz)",
          "notes": "Critical on large motors due to high rotor mass"
        },
        "vibration_overall": {
          "direction": "increase",
          "magnitude": "2-3.5x baseline"
        },
        "bearing_temperature": {
          "direction": "increase",
          "magnitude": "+10-25\u00c2\u00b0C above baseline"
        }
      },
      "typical_rul_hours": 300,
      "source": "ISO 21940 unbalance standards for large rotors"
    },
    "misalignment": {
      "description": "Coupling or shaft misalignment",
      "sensor_trends": {
        "vibration_2x_3x_frequency": {
          "direction": "increase",
          "magnitude": "3-4x baseline at 2\u00c3\u2014 and 3\u00c3\u2014 running speed (59.3 Hz, 89 Hz)",
          "notes": "Axial vibration 2-3x radial vibration"
        },
        "bearing_temperature": {
          "direction": "increase",
          "magnitude": "+15-30\u00c2\u00b0C above baseline"
        }
      },
      "typical_rul_hours": 250,
      "source": "Large motor alignment practices"
    },
    "stator_winding_degradation": {
      "description": "Insulation breakdown, partial discharge, turn faults",
      "sensor_trends": {
        "winding_temperature": {
          "direction": "increase",
          "magnitude": "+20-50\u00c2\u00b0C above baseline",
          "notes": "May be localized hotspot"
        },
        "current_imbalance": {
          "direction": "increase",
          "magnitude": "5-20% phase imbalance"
        },
        "vibration_2x_line_frequency": {
          "direction": "increase",
          "magnitude": "2-3x baseline at 120 Hz (2\u00c3\u2014 60Hz line frequency)"
        }
      },
      "typical_rul_hours": 200,
      "source": "IEEE Std 432 motor winding faults"
    }
  },
  "maintenance_schedule": {
    "daily": [
      "Visual inspection for abnormal noise, vibration, heat",
      "Check motor current balance",
      "Verify cooling airflow not obstructed"
    ],
    "weekly": [
      "Motor temperature trending (IR thermometer or thermal camera)",
      "Listen for bearing noise changes",
      "Check terminal box connections"
    ],
    "monthly": [
      "Vibration measurement and trending (all bearing locations)",
      "Thermal imaging survey",
      "Current measurement all 3 phases with imbalance calculation"
    ],
    "quarterly": [
      "Detailed vibration analysis (FFT spectrum)",
      "Insulation resistance test (megger, trending)",
      "Bearing inspection and regreasing (if accessible)",
      "Coupling alignment check"
    ],
    "annual": [
      "Motor performance test (power factor, efficiency)",
      "Partial discharge testing (if available)",
      "Precision laser alignment",
      "Bearing replacement if due",
      "Thermography comprehensive survey"
    ],
    "component_life_expectancy": {
      "bearings_hours": 30000,
      "bearing_regreasing_hours": 4000,
      "insulation_years": 12,
      "fan_years": 8,
      "overall_design_life_years": 20
    }
  },
  "validation_data": {
    "source_description": "NASA C-MAPSS thermal patterns scaled for 200kW motor + WEG W22 specifications",
    "adaptation_methodology": "C-MAPSS turbofan component temperatures scaled by power ratio (200kW/5.5kW = 36.4x), adjusted for motor thermal mass and cooling capacity",
    "bearing_calculations": "SKF Engineering Handbook formulas for 6318/6316 bearings at 1780 RPM",
    "vibration_standards": "ISO 20816-1 Category III (large machines 75-300kW)",
    "quality_assessment": "Good - based on physics scaling from validated C-MAPSS data + OEM specifications"
  },
  "notes": [
    "200 kW motor represents large industrial power range",
    "Common applications: large compressors, heavy pumps, mill drives, fans",
    "60 Hz motor (North American standard) vs 50 Hz in previous profiles",
    "Higher operating temperatures due to larger power and thermal mass",
    "Category III vibration limits (ISO 20816-1) for 200kW power rating",
    "Bearing temperatures 20-30\u00c2\u00b0C higher than 5.5kW motor due to scale and bearing loads",
    "Requires quarterly regreasing (4000 hour intervals)",
    "Service factor 1.15 allows 15% overload capacity",
    "Shorter RUL for bearing failures due to higher loads and stress"
  ]
}