{
  "machine_id": "motor_siemens_1la7_001",
  "manufacturer": "Siemens",
  "model": "1LA7 113-4AA60",
  "category": "induction_motor",
  "application": "General purpose three-phase AC induction motor",
  "data_source": "NASA C-MAPSS FD002 (adapted for motor characteristics), Siemens specifications",
  "specifications": {
    "motor_type": "Squirrel cage induction motor",
    "power_rating_kW": 5.5,
    "power_rating_hp": 7.5,
    "rated_speed_rpm": 1500,
    "voltage_V": 400,
    "frequency_Hz": 50,
    "poles": 4,
    "rated_current_A": 11.6,
    "efficiency_percent": 89.5,
    "power_factor": 0.84,
    "frame_size": "IEC 132M",
    "weight_kg": 95,
    "bearing_de": "6208-2Z",
    "bearing_nde": "6207-2Z",
    "insulation_class": "F",
    "protection_class": "IP55"
  },
  "baseline_normal_operation": {
    "temperature": {
      "bearing_de_temp_C": {
        "min": 45,
        "typical": 55,
        "max": 65,
        "alarm": 80,
        "trip": 90,
        "unit": "\u00c2\u00b0C",
        "description": "Drive end bearing temperature"
      },
      "bearing_nde_temp_C": {
        "min": 40,
        "typical": 50,
        "max": 60,
        "alarm": 75,
        "trip": 85,
        "unit": "\u00c2\u00b0C",
        "description": "Non-drive end bearing temperature"
      },
      "winding_temp_C": {
        "min": 60,
        "typical": 72,
        "max": 85,
        "alarm": 105,
        "trip": 120,
        "unit": "\u00c2\u00b0C",
        "description": "Stator winding temperature"
      },
      "casing_temp_C": {
        "min": 45,
        "typical": 55,
        "max": 70,
        "unit": "\u00c2\u00b0C",
        "description": "Motor frame/casing temperature"
      },
      "ambient_temp_C": {
        "min": 15,
        "typical": 25,
        "max": 40,
        "unit": "\u00c2\u00b0C",
        "description": "Ambient air temperature"
      }
    },
    "vibration": {
      "rms_velocity_mm_s": {
        "min": 0.7,
        "typical": 1.2,
        "max": 1.8,
        "alarm": 2.8,
        "trip": 4.5,
        "unit": "mm/s",
        "description": "Overall RMS vibration velocity (ISO 20816-1 Category II)"
      },
      "peak_velocity_mm_s": {
        "min": 2.1,
        "typical": 3.6,
        "max": 5.4,
        "unit": "mm/s",
        "description": "Peak vibration velocity"
      },
      "bpfo_frequency_hz": {
        "typical": 89.3,
        "unit": "Hz",
        "description": "Ball Pass Frequency Outer race (6208 bearing at 1500 RPM)"
      },
      "bpfi_frequency_hz": {
        "typical": 135.7,
        "unit": "Hz",
        "description": "Ball Pass Frequency Inner race (6208 bearing at 1500 RPM)"
      }
    },
    "electrical": {
      "current_25pct_load_A": 3.5,
      "current_50pct_load_A": 6.2,
      "current_75pct_load_A": 9.1,
      "current_100pct_load_A": 11.6,
      "current_no_load_A": 2.8,
      "voltage_phase_to_phase_V": 400,
      "power_factor_100pct": 0.84,
      "power_factor_75pct": 0.82,
      "power_factor_50pct": 0.77,
      "efficiency_100pct": 0.895,
      "efficiency_75pct": 0.91,
      "efficiency_50pct": 0.895
    },
    "acoustic": {
      "sound_level_dBA": {
        "min": 65,
        "typical": 72,
        "max": 78,
        "unit": "dBA",
        "description": "Sound pressure level at 1m"
      }
    }
  },
  "fault_signatures": {
    "bearing_outer_race_defect": {
      "description": "Bearing outer race defect (BPFO)",
      "bpfo_frequency_multiplier": 3.572,
      "vibration_rms_increase": "3-5x baseline",
      "temp_increase_deg_c": "15-25\u00c2\u00b0C above baseline",
      "typical_progression_hours": 240,
      "sensor_trends": {
        "vibration_mm_s": {
          "direction": "increase",
          "magnitude": "3-5x (3.6-9.0 mm/s)"
        },
        "bearing_de_temp_C": {
          "direction": "increase",
          "magnitude": "+15-25\u00c2\u00b0C (70-90\u00c2\u00b0C)"
        },
        "bpfo_peak_amplitude": {
          "direction": "increase",
          "magnitude": "10-20x baseline"
        }
      }
    },
    "bearing_inner_race_defect": {
      "description": "Bearing inner race defect (BPFI)",
      "bpfi_frequency_multiplier": 5.428,
      "vibration_rms_increase": "3-5x baseline",
      "temp_increase_deg_c": "20-30\u00c2\u00b0C above baseline",
      "typical_progression_hours": 180
    },
    "unbalance": {
      "description": "Rotor unbalance",
      "frequency_multiplier": 1.0,
      "vibration_rms_increase": "2-4x baseline",
      "sensor_trends": {
        "vibration_mm_s": {
          "direction": "increase",
          "dominant_frequency": "1X running speed (25 Hz at 1500 RPM)"
        }
      }
    },
    "misalignment": {
      "description": "Shaft misalignment",
      "frequency_multiplier_2x": 2.0,
      "frequency_multiplier_3x": 3.0,
      "vibration_rms_increase": "2-3x baseline",
      "sensor_trends": {
        "vibration_mm_s": {
          "direction": "increase",
          "dominant_frequencies": "2X and 3X running speed (50 Hz, 75 Hz)"
        },
        "bearing_de_temp_C": {
          "direction": "increase",
          "magnitude": "+10-20\u00c2\u00b0C"
        }
      }
    },
    "winding_insulation_degradation": {
      "description": "Stator winding insulation failure",
      "sensor_trends": {
        "winding_temp_C": {
          "direction": "increase",
          "magnitude": "+20-40\u00c2\u00b0C above baseline"
        },
        "current_A": {
          "direction": "imbalance",
          "magnitude": ">5% phase current imbalance"
        }
      }
    }
  },
  "bearing_calculations": {
    "bearing_de_6208": {
      "pitch_diameter_mm": 54.5,
      "ball_diameter_mm": 10.32,
      "number_of_balls": 8,
      "contact_angle_deg": 0,
      "bpfo_frequency_hz": 89.3,
      "bpfi_frequency_hz": 135.7,
      "bsf_frequency_hz": 42.1,
      "ftf_frequency_hz": 9.8
    }
  },
  "load_profiles": {
    "no_load": {
      "load_percent": 0,
      "current_A": 2.8,
      "power_factor": 0.15,
      "vibration_rms_mm_s": 0.8,
      "bearing_de_temp_C": 40,
      "winding_temp_C": 50
    },
    "25_pct_load": {
      "load_percent": 25,
      "current_A": 3.5,
      "power_factor": 0.65,
      "vibration_rms_mm_s": 1.0,
      "bearing_de_temp_C": 48,
      "winding_temp_C": 62
    },
    "50_pct_load": {
      "load_percent": 50,
      "current_A": 6.2,
      "power_factor": 0.77,
      "vibration_rms_mm_s": 1.2,
      "bearing_de_temp_C": 52,
      "winding_temp_C": 68
    },
    "75_pct_load": {
      "load_percent": 75,
      "current_A": 9.1,
      "power_factor": 0.82,
      "vibration_rms_mm_s": 1.3,
      "bearing_de_temp_C": 58,
      "winding_temp_C": 75
    },
    "100_pct_load": {
      "load_percent": 100,
      "current_A": 11.6,
      "power_factor": 0.84,
      "vibration_rms_mm_s": 1.5,
      "bearing_de_temp_C": 62,
      "winding_temp_C": 80
    }
  },
  "maintenance_schedule": {
    "monthly": [
      "Check bearing temperature",
      "Monitor vibration levels",
      "Visual inspection"
    ],
    "quarterly": [
      "Megger test (insulation resistance)",
      "Bearing lubrication check",
      "Vibration analysis"
    ],
    "annual": [
      "Full electrical testing",
      "Bearing replacement evaluation",
      "Thermal imaging"
    ],
    "bearing_life_expectancy_hours": 40000
  },
  "notes": [
    "Siemens 1LA7 series are general purpose IE2 efficiency motors",
    "Thermal patterns adapted from C-MAPSS turbofan temperature data",
    "Vibration baselines from ISO 20816-1 Category II",
    "Bearing frequencies calculated from 6208-2Z specifications at 1500 RPM",
    "Load profiles show temperature/vibration increase with mechanical load"
  ]
}