{
  "machine_id": "pump_ksb_etanorm_006",
  "manufacturer": "KSB",
  "model": "Etanorm 200-400",
  "category": "Centrifugal Pump - Horizontal Split-Case",
  "application": "Water supply, power generation, irrigation, HVAC",
  "data_source": "Adapted from NASA C-MAPSS pressure patterns + KSB specifications",
  "specifications": {
    "hydraulic": {
      "flow_rate_m3_h": 1000,
      "head_m": 60,
      "impeller_diameter_mm": 400,
      "rated_speed_rpm": 1480,
      "motor_power_kW": 110,
      "motor_power_hp": 150,
      "max_working_pressure_bar": 16
    },
    "mechanical": {
      "suction_size_mm": 200,
      "discharge_size_mm": 200,
      "shaft_seal_type": "Mechanical seal or packing",
      "bearing_type": "Rolling element bearings"
    },
    "electrical": {
      "voltage_v": 400,
      "frequency_hz": 50,
      "current_a": 190,
      "power_factor": 0.88
    },
    "weight_kg": 1250
  },
  "baseline_normal_operation": {
    "hydraulic": {
      "discharge_pressure_bar": {
        "min": 5.0,
        "typical": 6.0,
        "max": 7.0,
        "alarm": 8.0,
        "trip": 9.5,
        "unit": "bar"
      },
      "flow_rate_m3_h": {
        "min": 200,
        "typical": 1000,
        "max": 1200,
        "unit": "m\u00c2\u00b3/h"
      }
    },
    "temperature": {
      "bearing_de_temp_C": {
        "typical": 65,
        "max": 80,
        "alarm": 95,
        "unit": "\u00c2\u00b0C"
      },
      "bearing_nde_temp_C": {
        "typical": 60,
        "max": 75,
        "alarm": 90,
        "unit": "\u00c2\u00b0C"
      }
    },
    "vibration": {
      "overall_rms_mm_s": {
        "typical": 2.5,
        "max": 4.5,
        "alarm": 7.1,
        "unit": "mm/s RMS",
        "standard": "ISO 20816-1 Category III"
      }
    },
    "performance": {
      "pump_efficiency_percent": {
        "typical": 85,
        "max": 88,
        "unit": "%"
      }
    }
  },
  "fault_signatures": {
    "cavitation": {
      "sensor_trends": {
        "vibration_overall": {
          "direction": "increase",
          "magnitude": "2-4x"
        },
        "acoustic": {
          "notes": "Gravel/crackling noise"
        }
      },
      "typical_rul_hours": 150
    },
    "impeller_wear": {
      "sensor_trends": {
        "discharge_pressure": {
          "direction": "decrease",
          "magnitude": "8-15%"
        },
        "efficiency": {
          "direction": "decrease",
          "magnitude": "10-20%"
        }
      },
      "typical_rul_hours": 8000
    },
    "bearing_failure": {
      "sensor_trends": {
        "bearing_temperature": {
          "direction": "increase",
          "magnitude": "+25-40\u00c2\u00b0C"
        },
        "vibration_overall": {
          "direction": "increase",
          "magnitude": "4-6x"
        }
      },
      "typical_rul_hours": 400
    }
  },
  "maintenance_schedule": {
    "monthly": [
      "Vibration trending",
      "Temperature checks"
    ],
    "quarterly": [
      "Performance test",
      "Bearing inspection"
    ],
    "annual": [
      "Seal replacement",
      "Impeller inspection",
      "Alignment check"
    ],
    "component_life_expectancy": {
      "bearings_hours": 40000,
      "impeller_hours": 50000
    }
  },
  "validation_data": {
    "source_description": "C-MAPSS pressure patterns + KSB Etanorm specifications",
    "quality_assessment": "Good - large pump adapted from turbomachinery data"
  },
  "notes": [
    "Large horizontal split-case pump for high-volume water applications",
    "High efficiency design (>85%)",
    "Common in municipal water and power generation"
  ]
}