{
  "machine_id": "pump_grundfos_cr3_004",
  "manufacturer": "Grundfos",
  "model": "CR3-19 A-A-A-E-HQQE",
  "category": "Centrifugal Pump - Multistage Vertical",
  "application": "Water supply, pressure boosting, HVAC, industrial process",
  "data_source": "Adapted from NASA C-MAPSS pressure/flow patterns + Grundfos specifications",
  "specifications": {
    "hydraulic": {
      "flow_rate_m3_h": 3.5,
      "flow_rate_gpm": 15.4,
      "head_m": 58,
      "head_ft": 190,
      "stages": 19,
      "max_working_pressure_bar": 16,
      "max_liquid_temperature_C": 120
    },
    "mechanical": {
      "impeller_diameter_mm": 76,
      "rated_speed_rpm": 2900,
      "motor_power_kW": 2.2,
      "motor_power_hp": 3.0,
      "shaft_seal_type": "Mechanical seal (EPDM/SiC/SiC)"
    },
    "electrical": {
      "voltage_v": 230,
      "frequency_hz": 50,
      "poles": 2,
      "current_a": 10.8,
      "power_factor": 0.8,
      "motor_efficiency_percent": 84.7
    },
    "environmental": {
      "ambient_temp_range_C": [
        0,
        40
      ],
      "liquid_type": "Clean water, viscosity < 1 mm\u00c2\u00b2/s",
      "protection_class": "IP55",
      "insulation_class": "F",
      "max_ambient_humidity_percent": 95
    },
    "construction": {
      "pump_housing": "Stainless steel AISI 304",
      "impellers": "Stainless steel AISI 304",
      "shaft": "Stainless steel AISI 329",
      "bearings": "Lubricated by pumped liquid",
      "coupling": "Integrated (close-coupled)"
    },
    "weight_kg": 42
  },
  "baseline_normal_operation": {
    "hydraulic": {
      "discharge_pressure_bar": {
        "min": 5.0,
        "typical": 5.8,
        "max": 6.2,
        "alarm": 6.8,
        "trip": 7.5,
        "unit": "bar",
        "measurement_location": "Pump discharge",
        "source": "Grundfos performance curve at rated flow, adapted from C-MAPSS P30 patterns"
      },
      "suction_pressure_bar": {
        "min": 0.8,
        "typical": 1.0,
        "max": 1.5,
        "alarm": 0.5,
        "trip": 0.3,
        "unit": "bar",
        "measurement_location": "Pump suction",
        "notes": "Alarm on low pressure (cavitation risk)",
        "source": "Grundfos NPSH requirements"
      },
      "differential_pressure_bar": {
        "min": 4.5,
        "typical": 5.8,
        "max": 6.5,
        "alarm": 7.0,
        "trip": 7.5,
        "unit": "bar",
        "source": "Discharge minus suction pressure"
      },
      "flow_rate_m3_h": {
        "min": 0.5,
        "typical": 3.5,
        "max": 4.2,
        "alarm": 5.0,
        "trip": null,
        "unit": "m\u00c2\u00b3/h",
        "measurement_location": "Discharge line",
        "source": "Grundfos CR3-19 performance curve"
      }
    },
    "temperature": {
      "bearing_temp_C": {
        "min": 35,
        "typical": 45,
        "max": 60,
        "alarm": 75,
        "trip": 85,
        "unit": "\u00c2\u00b0C",
        "measurement_location": "Motor bearing housing",
        "source": "C-MAPSS bearing thermal patterns scaled for 2.2kW motor"
      },
      "motor_winding_temp_C": {
        "min": 50,
        "typical": 65,
        "max": 80,
        "alarm": 100,
        "trip": 120,
        "unit": "\u00c2\u00b0C",
        "measurement_location": "Stator winding (if equipped with RTD)",
        "source": "C-MAPSS thermal patterns for small motor"
      },
      "liquid_temp_C": {
        "min": 10,
        "typical": 20,
        "max": 40,
        "alarm": 60,
        "trip": 80,
        "unit": "\u00c2\u00b0C",
        "measurement_location": "Pump discharge",
        "notes": "Temperature rise typically 2-5\u00c2\u00b0C through pump",
        "source": "Grundfos specifications"
      }
    },
    "vibration": {
      "overall_rms_mm_s": {
        "min": 0.5,
        "typical": 1.1,
        "max": 1.8,
        "alarm": 2.8,
        "trip": 4.5,
        "unit": "mm/s RMS",
        "frequency_range": "10-1000 Hz",
        "standard": "ISO 20816-1 Category I (P < 15kW)",
        "source": "ISO standard for small machines"
      },
      "axial_mm_s": {
        "min": 0.2,
        "typical": 0.5,
        "max": 0.8,
        "alarm": 1.2,
        "trip": 2.0,
        "unit": "mm/s RMS",
        "source": "Typical for vertical pumps"
      }
    },
    "electrical": {
      "current_a": {
        "min": 1.5,
        "typical": 10.8,
        "max": 12.0,
        "alarm": 13.5,
        "trip": 15.0,
        "unit": "A",
        "measurement_location": "Motor supply",
        "source": "Grundfos motor specifications"
      },
      "power_consumption_kW": {
        "min": 0.3,
        "typical": 2.0,
        "max": 2.4,
        "alarm": 2.8,
        "trip": null,
        "unit": "kW",
        "source": "Motor input power at rated flow"
      },
      "power_factor": {
        "min": 0.75,
        "typical": 0.8,
        "max": 0.83,
        "unit": "ratio",
        "source": "Small motor typical PF"
      }
    },
    "acoustic": {
      "sound_pressure_level_dBA": {
        "typical": 62,
        "max": 68,
        "unit": "dB(A)",
        "measurement_distance_m": 1,
        "source": "Grundfos CR series acoustic data"
      }
    },
    "performance": {
      "pump_efficiency_percent": {
        "min": 50,
        "typical": 64,
        "max": 68,
        "unit": "%",
        "notes": "Efficiency varies with flow rate, peak at BEP",
        "source": "Grundfos CR3-19 efficiency curve"
      }
    }
  },
  "operating_conditions": {
    "best_efficiency_point": {
      "flow_m3_h": 3.5,
      "head_m": 58,
      "efficiency_percent": 64,
      "power_kW": 2.0,
      "npsh_required_m": 2.5,
      "notes": "Optimal operating point"
    },
    "minimum_flow": {
      "flow_m3_h": 0.7,
      "head_m": 72,
      "efficiency_percent": 35,
      "power_kW": 1.8,
      "notes": "Operating below minimum flow causes recirculation, heat buildup"
    },
    "maximum_flow": {
      "flow_m3_h": 5.5,
      "head_m": 35,
      "efficiency_percent": 52,
      "power_kW": 2.4,
      "notes": "Operating at high flow increases NPSH requirement"
    }
  },
  "fault_signatures": {
    "cavitation": {
      "description": "Vapor bubble formation due to low suction pressure (NPSH insufficient)",
      "sensor_trends": {
        "suction_pressure": {
          "direction": "decrease",
          "magnitude": "Below 0.5 bar (NPSH < required)",
          "notes": "Vapor pressure reached"
        },
        "vibration_overall": {
          "direction": "increase",
          "magnitude": "2-4x baseline",
          "notes": "Random, broadband noise from bubble collapse"
        },
        "vibration_high_frequency": {
          "direction": "increase",
          "magnitude": "5-10x baseline in 10-30 kHz range",
          "notes": "Characteristic cavitation noise"
        },
        "flow_rate": {
          "direction": "decrease",
          "magnitude": "10-30% reduction"
        },
        "acoustic": {
          "direction": "increase",
          "magnitude": "Crackling/rattling sound",
          "notes": "Distinctive cavitation noise"
        }
      },
      "typical_rul_hours": 50,
      "source": "Hydraulic Institute cavitation standards, adapted from AI4I power failure pattern"
    },
    "impeller_wear": {
      "description": "Erosion or corrosion of impeller vanes reducing pump performance",
      "sensor_trends": {
        "discharge_pressure": {
          "direction": "decrease",
          "magnitude": "5-15% below rated head",
          "progression": "gradual over 2000-5000 hours"
        },
        "flow_rate": {
          "direction": "decrease",
          "magnitude": "10-20% reduction at same speed"
        },
        "vibration_blade_pass_frequency": {
          "direction": "increase",
          "magnitude": "2-3x baseline at BPF (RPM \u00c3\u2014 number of vanes)",
          "notes": "19 stages \u00c3\u2014 6 vanes = 114 vanes, BPF = 5510 Hz at 2900 RPM"
        },
        "power_consumption": {
          "direction": "decrease",
          "magnitude": "5-10% reduction"
        },
        "efficiency": {
          "direction": "decrease",
          "magnitude": "10-20% reduction"
        }
      },
      "typical_rul_hours": 3000,
      "source": "Pump wear patterns, adapted from C-MAPSS performance degradation"
    },
    "bearing_failure": {
      "description": "Motor bearing degradation (liquid-lubricated in CR series)",
      "sensor_trends": {
        "bearing_temperature": {
          "direction": "increase",
          "magnitude": "+15-30\u00c2\u00b0C above baseline"
        },
        "vibration_overall": {
          "direction": "increase",
          "magnitude": "3-5x baseline"
        },
        "vibration_bearing_frequencies": {
          "direction": "increase",
          "magnitude": "10-20x baseline at bearing defect frequencies",
          "notes": "Depends on bearing type (liquid lubricated)"
        }
      },
      "typical_rul_hours": 200,
      "source": "Bearing failure patterns adapted from motor profiles"
    },
    "mechanical_seal_leakage": {
      "description": "Seal wear causing external leakage",
      "sensor_trends": {
        "leakage_rate": {
          "direction": "increase",
          "magnitude": "Visible dripping to continuous stream",
          "notes": "Normal seal weepage < 1 drop/min"
        },
        "bearing_temperature": {
          "direction": "increase",
          "magnitude": "+5-15\u00c2\u00b0C if liquid loss affects cooling"
        },
        "vibration_1x_frequency": {
          "direction": "increase",
          "magnitude": "1.5-2x baseline at running speed",
          "notes": "May indicate seal face wear or misalignment"
        }
      },
      "typical_rul_hours": 500,
      "source": "Mechanical seal failure modes"
    },
    "hydraulic_imbalance": {
      "description": "Flow recirculation, vortexing, or system mismatch",
      "sensor_trends": {
        "vibration_low_frequency": {
          "direction": "increase",
          "magnitude": "2-3x baseline at sub-synchronous frequencies",
          "notes": "Typically 0.3-0.8\u00c3\u2014 running speed"
        },
        "pressure_pulsation": {
          "direction": "increase",
          "magnitude": "Pressure fluctuations 5-15% of mean",
          "notes": "May indicate operating far from BEP"
        },
        "liquid_temperature": {
          "direction": "increase",
          "magnitude": "+5-15\u00c2\u00b0C temperature rise",
          "notes": "Energy dissipated as heat in recirculation"
        }
      },
      "typical_rul_hours": 1000,
      "source": "Pump hydraulic phenomena"
    }
  },
  "maintenance_schedule": {
    "daily": [
      "Visual inspection for leaks",
      "Check for abnormal noise or vibration",
      "Verify discharge pressure normal"
    ],
    "weekly": [
      "Check motor temperature",
      "Inspect seal for weepage",
      "Verify flow rate at expected value"
    ],
    "monthly": [
      "Vibration measurement and trending",
      "Current measurement",
      "Seal inspection for wear"
    ],
    "quarterly": [
      "Performance test (flow, head, power)",
      "Insulation resistance test",
      "Detailed vibration analysis"
    ],
    "annual": [
      "Pump disassembly and inspection",
      "Mechanical seal replacement (preventive)",
      "Impeller inspection for wear/erosion",
      "Motor bearing inspection",
      "System NPSH verification"
    ],
    "component_life_expectancy": {
      "mechanical_seal_hours": 15000,
      "impellers_hours": 30000,
      "motor_bearings_hours": 40000,
      "overall_design_life_years": 15
    }
  },
  "validation_data": {
    "source_description": "NASA C-MAPSS pressure/flow patterns + Grundfos CR3-19 specifications",
    "adaptation_methodology": "C-MAPSS P30 (HPC outlet pressure) patterns adapted to multistage centrifugal pump hydraulics, motor thermal from C-MAPSS scaled to 2.2kW",
    "hydraulic_calculations": "Grundfos pump performance curves, affinity laws for centrifugal pumps",
    "vibration_standards": "ISO 20816-1 Category I (small machines < 15kW)",
    "quality_assessment": "Good - based on OEM specifications + adapted pressure patterns from validated C-MAPSS data"
  },
  "notes": [
    "CR3-19: 19-stage vertical multistage pump for high-head, low-flow applications",
    "Close-coupled design (pump and motor integrated)",
    "Liquid-lubricated bearings (pumped liquid cools and lubricates)",
    "Critical: Maintain minimum flow to prevent overheating",
    "NPSH (Net Positive Suction Head) critical parameter - must exceed required NPSH",
    "Cavitation most common failure mode if suction conditions poor",
    "Blade Pass Frequency: 5510 Hz (2900 RPM \u00c3\u2014 114 total vanes / 60)",
    "Mechanical seal typically limits pump life in clean water service",
    "Pressure patterns adapted from C-MAPSS turbomachinery (similar compression physics)",
    "Common in building water supply, pressure boosting, light industrial"
  ]
}