{
  "machine_id": "pump_flowserve_ansi_005",
  "manufacturer": "Flowserve",
  "model": "ANSI B73.1 3x2-13",
  "category": "Centrifugal Pump - End-Suction",
  "application": "Chemical process, petrochemical, general industry",
  "data_source": "Adapted from NASA C-MAPSS pressure patterns + Flowserve specifications",
  "specifications": {
    "hydraulic": {
      "flow_rate_m3_h": 113,
      "flow_rate_gpm": 500,
      "head_m": 30,
      "head_ft": 100,
      "impeller_diameter_mm": 330,
      "max_working_pressure_bar": 16,
      "max_liquid_temperature_C": 150
    },
    "mechanical": {
      "suction_size_mm": 76,
      "discharge_size_mm": 51,
      "rated_speed_rpm": 1750,
      "motor_power_kW": 18.5,
      "motor_power_hp": 25,
      "shaft_seal_type": "Mechanical seal",
      "coupling_type": "Flexible coupling"
    },
    "electrical": {
      "voltage_v": 460,
      "frequency_hz": 60,
      "poles": 4,
      "current_a": 26,
      "power_factor": 0.86
    },
    "construction": {
      "casing": "Cast iron ASTM A48 Class 30",
      "impeller": "316 Stainless steel",
      "shaft": "316 Stainless steel",
      "bearing_frame": "Cast iron",
      "bearings": "Anti-friction ball bearings"
    },
    "weight_kg": 135
  },
  "baseline_normal_operation": {
    "hydraulic": {
      "discharge_pressure_bar": {
        "min": 2.5,
        "typical": 3.0,
        "max": 3.5,
        "alarm": 4.0,
        "trip": 5.0,
        "unit": "bar",
        "source": "Flowserve performance curve, C-MAPSS P30 adapted"
      },
      "suction_pressure_bar": {
        "min": 0.5,
        "typical": 1.0,
        "max": 2.0,
        "alarm": 0.3,
        "trip": 0.2,
        "unit": "bar",
        "notes": "Low pressure alarm for cavitation"
      },
      "flow_rate_m3_h": {
        "min": 20,
        "typical": 113,
        "max": 140,
        "alarm": 160,
        "trip": null,
        "unit": "m\u00c2\u00b3/h"
      }
    },
    "temperature": {
      "bearing_de_temp_C": {
        "min": 42,
        "typical": 55,
        "max": 70,
        "alarm": 85,
        "trip": 95,
        "unit": "\u00c2\u00b0C",
        "source": "C-MAPSS scaled for 18.5kW"
      },
      "bearing_nde_temp_C": {
        "min": 38,
        "typical": 50,
        "max": 65,
        "alarm": 80,
        "trip": 90,
        "unit": "\u00c2\u00b0C"
      },
      "liquid_temp_C": {
        "min": 15,
        "typical": 25,
        "max": 60,
        "alarm": 80,
        "trip": 100,
        "unit": "\u00c2\u00b0C",
        "notes": "Temperature rise 3-7\u00c2\u00b0C through pump"
      }
    },
    "vibration": {
      "overall_rms_mm_s": {
        "min": 0.8,
        "typical": 1.5,
        "max": 2.8,
        "alarm": 4.5,
        "trip": 7.1,
        "unit": "mm/s RMS",
        "standard": "ISO 20816-1 Category II"
      }
    },
    "performance": {
      "pump_efficiency_percent": {
        "typical": 72,
        "max": 76,
        "unit": "%"
      }
    }
  },
  "fault_signatures": {
    "cavitation": {
      "description": "Vapor formation at impeller inlet",
      "sensor_trends": {
        "suction_pressure": {
          "direction": "decrease",
          "magnitude": "Below NPSH required"
        },
        "vibration_overall": {
          "direction": "increase",
          "magnitude": "2-4x"
        },
        "vibration_high_frequency": {
          "direction": "increase",
          "magnitude": "5-10x in 5-20 kHz"
        },
        "acoustic": {
          "notes": "Crackling/popping noise"
        }
      },
      "typical_rul_hours": 100
    },
    "impeller_erosion": {
      "description": "Wear of impeller vanes",
      "sensor_trends": {
        "discharge_pressure": {
          "direction": "decrease",
          "magnitude": "10-20%"
        },
        "flow_rate": {
          "direction": "decrease",
          "magnitude": "15-25%"
        },
        "efficiency": {
          "direction": "decrease",
          "magnitude": "15-30%"
        }
      },
      "typical_rul_hours": 5000
    },
    "mechanical_seal_failure": {
      "description": "Seal face wear causing leakage",
      "sensor_trends": {
        "leakage": {
          "notes": "Visible liquid dripping"
        },
        "bearing_temp": {
          "direction": "increase",
          "magnitude": "+10-20\u00c2\u00b0C"
        }
      },
      "typical_rul_hours": 800
    },
    "bearing_failure": {
      "description": "Bearing degradation",
      "sensor_trends": {
        "bearing_temperature": {
          "direction": "increase",
          "magnitude": "+20-35\u00c2\u00b0C"
        },
        "vibration_overall": {
          "direction": "increase",
          "magnitude": "3-5x"
        }
      },
      "typical_rul_hours": 300
    }
  },
  "maintenance_schedule": {
    "weekly": [
      "Visual leak inspection",
      "Vibration check"
    ],
    "monthly": [
      "Bearing temperature trending",
      "Seal inspection"
    ],
    "quarterly": [
      "Performance test",
      "Vibration analysis"
    ],
    "annual": [
      "Seal replacement",
      "Bearing inspection",
      "Impeller inspection"
    ],
    "component_life_expectancy": {
      "mechanical_seal_hours": 12000,
      "bearings_hours": 35000,
      "impeller_hours": 40000
    }
  },
  "validation_data": {
    "source_description": "C-MAPSS pressure patterns + Flowserve ANSI specifications",
    "quality_assessment": "Good - OEM specs + adapted hydraulic patterns"
  },
  "notes": [
    "ANSI B73.1 standard end-suction pump widely used in industry",
    "Medium flow, medium head application",
    "Common in chemical processing and general industry"
  ]
}