{
  "machine_id": "robot_fanuc_m20ia_015",
  "manufacturer": "FANUC",
  "model": "M-20iA",
  "category": "Articulated Robot - 6-Axis",
  "application": "Material handling, machine tending, palletizing, welding",
  "data_source": "Adapted from motor profiles + AI4I overstrain patterns + FANUC specifications",
  "specifications": {
    "robot": {
      "payload_kg": 20,
      "reach_mm": 1811,
      "axes": 6,
      "repeatability_mm": 0.08,
      "mounting": "Floor, ceiling, or angle",
      "protection": "IP67"
    },
    "axis_specifications": {
      "J1_rotation": {
        "range_deg": [
          -370,
          370
        ],
        "max_speed_deg_s": 175
      },
      "J2_lower_arm": {
        "range_deg": [
          -100,
          145
        ],
        "max_speed_deg_s": 175
      },
      "J3_upper_arm": {
        "range_deg": [
          -245,
          190
        ],
        "max_speed_deg_s": 180
      },
      "J4_wrist_rotation": {
        "range_deg": [
          -360,
          360
        ],
        "max_speed_deg_s": 360
      },
      "J5_wrist_bend": {
        "range_deg": [
          -130,
          130
        ],
        "max_speed_deg_s": 360
      },
      "J6_wrist_twist": {
        "range_deg": [
          -720,
          720
        ],
        "max_speed_deg_s": 550
      }
    },
    "motors": {
      "type": "AC servo motors with encoders",
      "total_power_kW": 4.5
    },
    "weight_kg": 135
  },
  "baseline_normal_operation": {
    "mechanical": {
      "J1_torque_nm": {
        "typical": 15,
        "max": 45,
        "alarm": 60,
        "unit": "Nm",
        "source": "AI4I torque patterns"
      },
      "J2_torque_nm": {
        "typical": 20,
        "max": 55,
        "alarm": 70,
        "unit": "Nm"
      },
      "J3_torque_nm": {
        "typical": 18,
        "max": 50,
        "alarm": 65,
        "unit": "Nm"
      }
    },
    "temperature": {
      "J1_motor_temp_C": {
        "typical": 55,
        "max": 70,
        "alarm": 85,
        "unit": "\u00c2\u00b0C",
        "source": "Motor thermal patterns"
      },
      "J2_motor_temp_C": {
        "typical": 58,
        "max": 73,
        "alarm": 88,
        "unit": "\u00c2\u00b0C"
      },
      "J3_motor_temp_C": {
        "typical": 56,
        "max": 71,
        "alarm": 86,
        "unit": "\u00c2\u00b0C"
      }
    },
    "vibration": {
      "base_vibration_mm_s": {
        "typical": 0.8,
        "max": 1.5,
        "alarm": 2.5,
        "unit": "mm/s"
      }
    },
    "electrical": {
      "total_current_a": {
        "typical": 8,
        "max": 12,
        "alarm": 15,
        "unit": "A"
      },
      "power_kW": {
        "typical": 3.2,
        "max": 4.5,
        "alarm": 5.5,
        "unit": "kW"
      }
    },
    "performance": {
      "cycle_time_seconds": {
        "typical": 12,
        "max": 14,
        "unit": "seconds"
      },
      "position_error_mm": {
        "typical": 0.05,
        "max": 0.08,
        "alarm": 0.15,
        "unit": "mm"
      }
    }
  },
  "fault_signatures": {
    "reducer_wear": {
      "description": "Harmonic drive or gearbox degradation",
      "sensor_trends": {
        "position_error": {
          "direction": "increase",
          "magnitude": "2-5x"
        },
        "torque_ripple": {
          "direction": "increase",
          "magnitude": "20-40%"
        },
        "vibration": {
          "direction": "increase",
          "magnitude": "2-3x"
        },
        "temperature": {
          "direction": "increase",
          "magnitude": "+10-20\u00c2\u00b0C"
        }
      },
      "typical_rul_hours": 800
    },
    "encoder_failure": {
      "sensor_trends": {
        "position_error": {
          "direction": "increase",
          "magnitude": "Intermittent 5-20mm errors"
        },
        "servo_alarms": {
          "notes": "Encoder error alarms"
        },
        "repeatability": {
          "direction": "degradation",
          "magnitude": "0.5-2mm"
        }
      },
      "typical_rul_hours": 200
    },
    "motor_bearing_failure": {
      "sensor_trends": {
        "vibration": {
          "direction": "increase",
          "magnitude": "3-5x"
        },
        "motor_temp": {
          "direction": "increase",
          "magnitude": "+20-40\u00c2\u00b0C"
        },
        "acoustic": {
          "notes": "Grinding or rumbling"
        }
      },
      "typical_rul_hours": 400,
      "source": "Motor bearing patterns"
    },
    "overload_condition": {
      "description": "Robot operating beyond rated payload or speed",
      "trigger_rule": "torque \u00c3\u2014 speed > rated_power (similar to AI4I overstrain failure)",
      "sensor_trends": {
        "motor_torque": {
          "direction": "increase",
          "magnitude": "Exceeds rated torque"
        },
        "motor_current": {
          "direction": "increase",
          "magnitude": "+30-60%"
        },
        "motor_temp": {
          "direction": "increase",
          "magnitude": "+25-50\u00c2\u00b0C"
        },
        "servo_alarms": {
          "notes": "Overload trips"
        }
      },
      "typical_rul_cycles": 1000,
      "source": "AI4I OSF (overstrain failure) adapted"
    },
    "brake_wear": {
      "description": "Axis brake degradation",
      "sensor_trends": {
        "axis_drift": {
          "notes": "Robot drifts when stopped"
        },
        "brake_release_delay": {
          "direction": "increase",
          "magnitude": "+50-150ms"
        }
      },
      "typical_rul_hours": 5000
    }
  },
  "maintenance_schedule": {
    "daily": [
      "Visual inspection",
      "Position accuracy check"
    ],
    "weekly": [
      "Grease level check",
      "Cable wear inspection"
    ],
    "monthly": [
      "Reducer temperature trending",
      "Position repeatability test"
    ],
    "quarterly": [
      "Encoder battery replacement check",
      "Reducer backlash measurement"
    ],
    "annual": [
      "Reducer grease replacement",
      "Motor bearing inspection",
      "Brake inspection",
      "Full calibration"
    ],
    "component_life_expectancy": {
      "reducer_hours": 20000,
      "motor_bearings_hours": 30000,
      "encoder_battery_years": 5,
      "brake_hours": 15000
    }
  },
  "validation_data": {
    "source_description": "Motor thermal/vibration patterns + AI4I overstrain failure + FANUC specifications",
    "quality_assessment": "Good - servo motor patterns + explicit overload physics from AI4I"
  },
  "notes": [
    "6-axis articulated robot for 20kg payload",
    "Harmonic drive reducers in wrist axes (J4/J5/J6)",
    "Encoder absolute position tracking",
    "AI4I overstrain failure mode adapted for robot overload conditions",
    "Position accuracy critical for automated manufacturing"
  ]
}