{
  "machine_id": "robot_abb_irb6700_016",
  "manufacturer": "ABB Robotics",
  "model": "IRB 6700-200/2.60",
  "category": "Articulated Robot - 6-Axis Heavy-Duty",
  "application": "Material handling, machine tending, spot welding, press tending",
  "data_source": "Adapted from motor profiles + AI4I patterns + ABB specifications",
  "specifications": {
    "robot": {
      "payload_kg": 200,
      "reach_mm": 2600,
      "axes": 6,
      "repeatability_mm": 0.05,
      "protection": "IP67"
    },
    "axis_specifications": {
      "J1": {
        "range_deg": [
          -180,
          180
        ],
        "max_speed_deg_s": 100
      },
      "J2": {
        "range_deg": [
          -60,
          85
        ],
        "max_speed_deg_s": 90
      },
      "J3": {
        "range_deg": [
          -180,
          70
        ],
        "max_speed_deg_s": 90
      },
      "J4": {
        "range_deg": [
          -300,
          300
        ],
        "max_speed_deg_s": 170
      },
      "J5": {
        "range_deg": [
          -130,
          130
        ],
        "max_speed_deg_s": 120
      },
      "J6": {
        "range_deg": [
          -300,
          300
        ],
        "max_speed_deg_s": 190
      }
    },
    "motors": {
      "type": "AC servo motors",
      "total_power_kW": 25
    },
    "weight_kg": 1450
  },
  "baseline_normal_operation": {
    "mechanical": {
      "J1_torque_nm": {
        "typical": 150,
        "max": 450,
        "alarm": 600,
        "unit": "Nm"
      },
      "J2_torque_nm": {
        "typical": 180,
        "max": 520,
        "alarm": 680,
        "unit": "Nm"
      }
    },
    "temperature": {
      "J1_motor_temp_C": {
        "typical": 68,
        "max": 85,
        "alarm": 100,
        "unit": "\u00c2\u00b0C"
      },
      "J2_motor_temp_C": {
        "typical": 72,
        "max": 88,
        "alarm": 105,
        "unit": "\u00c2\u00b0C"
      }
    },
    "vibration": {
      "base_vibration_mm_s": {
        "typical": 1.8,
        "max": 2.8,
        "alarm": 4.5,
        "unit": "mm/s"
      }
    },
    "performance": {
      "cycle_time_seconds": {
        "typical": 18,
        "max": 22,
        "unit": "seconds"
      },
      "position_error_mm": {
        "typical": 0.03,
        "max": 0.05,
        "alarm": 0.1,
        "unit": "mm"
      }
    }
  },
  "fault_signatures": {
    "reducer_wear": {
      "sensor_trends": {
        "position_error": {
          "direction": "increase",
          "magnitude": "3-6x"
        },
        "torque_ripple": {
          "direction": "increase",
          "magnitude": "25-50%"
        },
        "temperature": {
          "direction": "increase",
          "magnitude": "+15-30\u00c2\u00b0C"
        }
      },
      "typical_rul_hours": 600
    },
    "encoder_failure": {
      "sensor_trends": {
        "position_error": {
          "direction": "increase",
          "magnitude": "Erratic 10-50mm"
        },
        "servo_alarms": {
          "notes": "Encoder fault alarms"
        }
      },
      "typical_rul_hours": 150
    },
    "motor_bearing_failure": {
      "sensor_trends": {
        "vibration": {
          "direction": "increase",
          "magnitude": "4-6x"
        },
        "motor_temp": {
          "direction": "increase",
          "magnitude": "+25-45\u00c2\u00b0C"
        }
      },
      "typical_rul_hours": 300
    },
    "overload_condition": {
      "trigger_rule": "payload > 200kg OR torque exceeds rated",
      "sensor_trends": {
        "motor_torque": {
          "direction": "increase",
          "magnitude": "Exceeds 600+ Nm"
        },
        "motor_temp": {
          "direction": "increase",
          "magnitude": "+30-60\u00c2\u00b0C"
        }
      },
      "typical_rul_cycles": 500,
      "source": "AI4I OSF adapted"
    }
  },
  "maintenance_schedule": {
    "weekly": [
      "Visual inspection",
      "Position check"
    ],
    "monthly": [
      "Grease level",
      "Temperature trending"
    ],
    "quarterly": [
      "Reducer backlash test",
      "Encoder battery check"
    ],
    "annual": [
      "Reducer grease change",
      "Motor inspection",
      "Full calibration"
    ],
    "component_life_expectancy": {
      "reducer_hours": 18000,
      "motor_bearings_hours": 25000,
      "encoder_battery_years": 5
    }
  },
  "validation_data": {
    "source_description": "Motor patterns + AI4I overload + ABB specifications",
    "quality_assessment": "Good"
  },
  "notes": [
    "Heavy-duty robot for 200kg payload",
    "Large servo motors with high torque",
    "Suited for press tending and heavy material handling"
  ]
}