{
  "machine_id": "transformer_square_d_017",
  "manufacturer": "Square D (Schneider Electric)",
  "model": "EE500T3H",
  "category": "Dry-Type Distribution Transformer",
  "application": "Industrial power distribution, voltage transformation",
  "data_source": "Adapted from motor winding thermal patterns + Square D specifications",
  "specifications": {
    "electrical": {
      "rating_kva": 500,
      "primary_voltage_v": 480,
      "secondary_voltage_v": 208,
      "frequency_hz": 60,
      "phases": 3,
      "connection": "Delta-Wye",
      "cooling_class": "AA (Air-Air, natural convection)",
      "insulation_class": "220\u00c2\u00b0C (Class H)"
    },
    "impedance_percent": 5.5,
    "efficiency_percent": 98.5,
    "temperature_rise_C": 150,
    "weight_kg": 1360
  },
  "baseline_normal_operation": {
    "thermal": {
      "winding_temp_C": {
        "min": 40,
        "typical": 90,
        "max": 120,
        "alarm": 140,
        "trip": 165,
        "unit": "\u00c2\u00b0C",
        "measurement_location": "Primary winding RTD",
        "source": "Motor winding thermal patterns adapted, Class H insulation (180\u00c2\u00b0C rated)"
      },
      "core_temp_C": {
        "typical": 75,
        "max": 105,
        "alarm": 125,
        "unit": "\u00c2\u00b0C",
        "source": "C-MAPSS thermal patterns scaled"
      },
      "top_oil_temp_C": {
        "typical": 65,
        "max": 95,
        "alarm": 115,
        "trip": 135,
        "unit": "\u00c2\u00b0C",
        "notes": "Average winding temperature rise"
      },
      "ambient_temp_C": {
        "typical": 25,
        "max": 40,
        "unit": "\u00c2\u00b0C"
      }
    },
    "electrical": {
      "primary_current_a": {
        "min": 50,
        "typical": 600,
        "max": 650,
        "alarm": 700,
        "trip": 750,
        "unit": "A",
        "notes": "Full load current = 500kVA / (\u00e2\u02c6\u01613 \u00c3\u2014 480V) = 601A"
      },
      "secondary_current_a": {
        "typical": 1387,
        "max": 1526,
        "unit": "A",
        "notes": "500kVA / (\u00e2\u02c6\u01613 \u00c3\u2014 208V) = 1387A"
      },
      "load_percent": {
        "typical": 75,
        "max": 100,
        "alarm": 110,
        "trip": 125,
        "unit": "%"
      }
    },
    "acoustic": {
      "sound_level_dba": {
        "typical": 55,
        "max": 60,
        "unit": "dB(A)",
        "measurement_distance_m": 1,
        "source": "NEMA ST20 dry-type transformer standards"
      }
    }
  },
  "load_profiles": {
    "no_load": {
      "load_percent": 0,
      "primary_current_a": 15,
      "winding_temp_C": 45,
      "core_temp_C": 42,
      "losses_kw": 3.5,
      "notes": "Magnetizing current only, core losses dominant"
    },
    "quarter_load": {
      "load_percent": 25,
      "primary_current_a": 150,
      "winding_temp_C": 62,
      "core_temp_C": 55,
      "losses_kw": 4.8,
      "efficiency_percent": 97.8
    },
    "half_load": {
      "load_percent": 50,
      "primary_current_a": 300,
      "winding_temp_C": 75,
      "core_temp_C": 68,
      "losses_kw": 6.5,
      "efficiency_percent": 98.3
    },
    "three_quarter_load": {
      "load_percent": 75,
      "primary_current_a": 450,
      "winding_temp_C": 90,
      "core_temp_C": 78,
      "losses_kw": 8.8,
      "efficiency_percent": 98.5
    },
    "full_load": {
      "load_percent": 100,
      "primary_current_a": 600,
      "winding_temp_C": 105,
      "core_temp_C": 88,
      "losses_kw": 11.5,
      "efficiency_percent": 98.5
    }
  },
  "fault_signatures": {
    "winding_insulation_degradation": {
      "description": "Insulation breakdown due to thermal cycling, moisture, or contamination",
      "sensor_trends": {
        "winding_temperature": {
          "direction": "increase",
          "magnitude": "+15-40\u00c2\u00b0C above normal for same load",
          "notes": "Hotspot formation due to partial winding short"
        },
        "power_factor": {
          "direction": "increase",
          "magnitude": "Dielectric power factor >2% indicates insulation deterioration",
          "notes": "Measured during power factor testing"
        },
        "partial_discharge": {
          "direction": "increase",
          "magnitude": "PD activity >100 pC indicates insulation stress",
          "notes": "Measured with PD detector"
        }
      },
      "typical_rul_hours": 800,
      "source": "IEEE Std 432 winding insulation failure modes adapted from motor profile"
    },
    "core_overheating": {
      "description": "Core lamination insulation breakdown or bolt tightness loss",
      "sensor_trends": {
        "core_temperature": {
          "direction": "increase",
          "magnitude": "+20-50\u00c2\u00b0C above baseline"
        },
        "no_load_losses": {
          "direction": "increase",
          "magnitude": "+15-30% increase in core losses"
        },
        "acoustic": {
          "direction": "increase",
          "magnitude": "Louder humming at 120 Hz (2\u00c3\u2014 line frequency)",
          "notes": "Core vibration from magnetostriction"
        }
      },
      "typical_rul_hours": 1500
    },
    "overload_thermal_stress": {
      "description": "Sustained operation above rated capacity causing accelerated aging",
      "sensor_trends": {
        "winding_temperature": {
          "direction": "increase",
          "magnitude": "Exceeds 120\u00c2\u00b0C (alarm level) continuously"
        },
        "load_current": {
          "magnitude": ">110% rated current for extended periods"
        },
        "insulation_life": {
          "notes": "Insulation life halves for every 10\u00c2\u00b0C rise above rated temperature (Arrhenius equation)"
        }
      },
      "typical_rul_hours": 500,
      "source": "Similar to AI4I overstrain failure - operating beyond rated capacity"
    },
    "loose_connections": {
      "description": "Terminal or busbar connection looseness causing high resistance",
      "sensor_trends": {
        "terminal_temperature": {
          "direction": "increase",
          "magnitude": "+30-80\u00c2\u00b0C localized hotspot at connection",
          "notes": "Detected by thermal imaging"
        },
        "voltage_drop": {
          "direction": "increase",
          "magnitude": "Voltage drop across connection increases"
        }
      },
      "typical_rul_hours": 300
    },
    "cooling_path_blockage": {
      "description": "Dust accumulation blocking air circulation in dry-type transformer",
      "sensor_trends": {
        "winding_temperature": {
          "direction": "increase",
          "magnitude": "+10-25\u00c2\u00b0C for same load"
        },
        "top_oil_temperature": {
          "direction": "increase",
          "magnitude": "+15-30\u00c2\u00b0C"
        },
        "temperature_gradient": {
          "direction": "increase",
          "magnitude": "Top-to-bottom temperature difference increases"
        }
      },
      "typical_rul_hours": 2000
    }
  },
  "maintenance_schedule": {
    "monthly": [
      "Visual inspection for dust accumulation",
      "Terminal tightness check (torque verification)",
      "Temperature monitoring (infrared scan)"
    ],
    "quarterly": [
      "Load profile analysis",
      "Winding temperature trending",
      "Insulation resistance test (megger)"
    ],
    "annual": [
      "Vacuum cleaning of windings and core",
      "Terminal connection re-torquing",
      "Power factor testing",
      "Thermography comprehensive survey",
      "Partial discharge testing (if equipped)"
    ],
    "3_year": [
      "Insulation resistance trending analysis",
      "Load tap changer inspection (if equipped)",
      "Bushing inspection"
    ],
    "component_life_expectancy": {
      "insulation_years": 20,
      "overall_design_life_years": 30,
      "notes": "Life expectancy heavily dependent on operating temperature - every 10\u00c2\u00b0C rise above rated temp halves insulation life"
    }
  },
  "validation_data": {
    "source_description": "Motor winding thermal patterns (C-MAPSS adapted) + Square D dry-type transformer specifications",
    "adaptation_methodology": "Winding thermal behavior similar to motor windings, Class H insulation common to both",
    "quality_assessment": "Good - transformer thermal physics similar to motor thermal dynamics"
  },
  "notes": [
    "500 kVA dry-type distribution transformer for industrial facility",
    "Class H insulation rated 180\u00c2\u00b0C, temperature rise 150\u00c2\u00b0C (max winding temp = ambient + rise)",
    "No oil cooling - relies on natural air convection (AA cooling)",
    "Thermal aging follows Arrhenius equation: life halves for every 10\u00c2\u00b0C rise",
    "Winding hotspot typically 10-15\u00c2\u00b0C above average winding temperature",
    "Full load current = 601A primary, 1387A secondary",
    "Core operates at 60 Hz, produces 120 Hz acoustic hum from magnetostriction",
    "Insulation failure modes adapted from motor winding degradation patterns",
    "Overload conditions similar to AI4I overstrain - operating beyond rated capacity accelerates aging",
    "Thermal imaging critical for detecting loose connections and hotspots"
  ]
}