{
  "machine_id": "turbofan_cfm56_7b_001",
  "manufacturer": "CFM International",
  "model": "CFM56-7B",
  "category": "turbofan_engine",
  "application": "Commercial aircraft propulsion (Boeing 737 NG)",
  "data_source": "NASA C-MAPSS FD002 (260 engines, 53,759 data points)",
  "specifications": {
    "engine_type": "High-bypass turbofan",
    "thrust_rating_lbf": 27300,
    "thrust_rating_kN": 121.4,
    "bypass_ratio": 5.5,
    "pressure_ratio": 32.8,
    "fan_diameter_in": 61.0,
    "dry_weight_lb": 5216,
    "dry_weight_kg": 2366,
    "stages": {
      "fan_stages": 1,
      "lpc_stages": 3,
      "hpc_stages": 9,
      "hpt_stages": 1,
      "lpt_stages": 4
    }
  },
  "baseline_normal_operation": {
    "temperature": {
      "T2_fan_inlet_R": {
        "min": 445.0,
        "typical": 473.0,
        "max": 518.67,
        "unit": "\u00c2\u00b0R",
        "description": "Total temperature at fan inlet",
        "source": "C-MAPSS sensor_T2, healthy cycles (first 50)"
      },
      "T24_lpc_outlet_R": {
        "min": 536.23,
        "typical": 579.72,
        "max": 642.92,
        "unit": "\u00c2\u00b0R",
        "description": "Total temperature at LPC outlet"
      },
      "T30_hpc_outlet_R": {
        "min": 1253.76,
        "typical": 1417.93,
        "max": 1593.69,
        "unit": "\u00c2\u00b0R",
        "description": "Total temperature at HPC outlet - KEY INDICATOR",
        "alarm_threshold": 1650.0,
        "trip_threshold": 1750.0
      },
      "T50_lpt_outlet_R": {
        "min": 1038.5,
        "typical": 1201.53,
        "max": 1411.53,
        "unit": "\u00c2\u00b0R",
        "description": "Total temperature at LPT outlet"
      }
    },
    "pressure": {
      "P2_fan_inlet_psia": {
        "min": 3.91,
        "typical": 8.04,
        "max": 14.62,
        "unit": "psia",
        "description": "Pressure at fan inlet"
      },
      "P15_bypass_psia": {
        "min": 8.44,
        "typical": 14.69,
        "max": 21.76,
        "unit": "psia",
        "description": "Total pressure in bypass-duct"
      },
      "P30_hpc_outlet_psia": {
        "min": 138.02,
        "typical": 283.74,
        "max": 554.82,
        "unit": "psia",
        "description": "Total pressure at HPC outlet - KEY INDICATOR",
        "alarm_low_threshold": 100.0
      },
      "Ps30_static_hpc_psia": {
        "min": 15.74,
        "typical": 28.44,
        "max": 47.61,
        "unit": "psia",
        "description": "Static pressure at HPC outlet"
      }
    },
    "rotational_speed": {
      "Nf_fan_rpm": {
        "min": 1915.15,
        "typical": 2230.76,
        "max": 2388.15,
        "unit": "rpm",
        "description": "Physical fan speed",
        "redline": 2450.0
      },
      "Nc_core_rpm": {
        "min": 8000.1,
        "typical": 8521.61,
        "max": 9067.64,
        "unit": "rpm",
        "description": "Physical core speed",
        "redline": 9200.0
      },
      "NRf_corrected_fan_rpm": {
        "min": 1918.95,
        "typical": 2229.32,
        "max": 2388.23,
        "unit": "rpm",
        "description": "Corrected fan speed"
      },
      "NRc_corrected_core_rpm": {
        "min": 8001.44,
        "typical": 8518.89,
        "max": 9060.63,
        "unit": "rpm",
        "description": "Corrected core speed"
      }
    },
    "performance_parameters": {
      "epr_engine_pressure_ratio": {
        "min": 1.0,
        "typical": 1.28,
        "max": 1.44,
        "unit": "ratio",
        "description": "Engine pressure ratio (P50/P2)"
      },
      "phi_fuel_flow_ratio": {
        "min": 369.57,
        "typical": 447.43,
        "max": 557.61,
        "unit": "pps/psi",
        "description": "Ratio of fuel flow to Ps30"
      },
      "BPR_bypass_ratio": {
        "min": 5.03,
        "typical": 11.04,
        "max": 21.69,
        "unit": "ratio",
        "description": "Bypass ratio"
      },
      "farB_fuel_air_ratio": {
        "min": 0.0285,
        "typical": 0.0381,
        "max": 0.0437,
        "unit": "ratio",
        "description": "Burner fuel-air ratio"
      }
    },
    "cooling_bleed": {
      "htBleed_enthalpy": {
        "min": 223.73,
        "typical": 316.44,
        "max": 401.78,
        "unit": "BTU/lb",
        "description": "Bleed enthalpy"
      },
      "W31_hpt_bleed_lbm_s": {
        "min": 19.98,
        "typical": 28.76,
        "max": 39.01,
        "unit": "lbm/s",
        "description": "HPT coolant bleed"
      },
      "W32_lpt_bleed_lbm_s": {
        "min": 20.0,
        "typical": 28.73,
        "max": 38.93,
        "unit": "lbm/s",
        "description": "LPT coolant bleed"
      }
    },
    "operational_settings": {
      "altitude_ft": {
        "min": -0.01,
        "max": 0.01,
        "unit": "normalized",
        "description": "Altitude setting (normalized)"
      },
      "mach_number": {
        "min": -0.01,
        "max": 0.01,
        "unit": "normalized",
        "description": "Mach number setting (normalized)"
      },
      "throttle_position": {
        "min": 0.0,
        "max": 100.0,
        "unit": "percent",
        "description": "Throttle resolver angle"
      }
    }
  },
  "fault_signatures": {
    "HPC_degradation": {
      "description": "High Pressure Compressor degradation - PRIMARY FAULT MODE",
      "failure_mechanism": "Blade erosion, fouling, tip clearance increase",
      "sensor_trends": {
        "T30_hpc_outlet_R": {
          "direction": "increase",
          "magnitude": "50-150\u00c2\u00b0R above baseline",
          "progression": "gradual over 150-350 cycles"
        },
        "P30_hpc_outlet_psia": {
          "direction": "decrease",
          "magnitude": "20-50 psia below baseline",
          "progression": "gradual degradation"
        },
        "epr_engine_pressure_ratio": {
          "direction": "decrease",
          "magnitude": "0.05-0.15 below baseline",
          "progression": "steady decline"
        },
        "Nc_core_rpm": {
          "direction": "increase",
          "magnitude": "100-300 rpm above baseline",
          "progression": "compensating for efficiency loss"
        }
      },
      "typical_rul_cycles": {
        "early_stage": 300,
        "middle_stage": 150,
        "late_stage": 50
      },
      "source": "C-MAPSS FD001/FD002 failure patterns"
    },
    "fan_degradation": {
      "description": "Fan blade degradation - SECONDARY FAULT MODE",
      "failure_mechanism": "Fan blade damage, imbalance, foreign object damage",
      "sensor_trends": {
        "T2_fan_inlet_R": {
          "direction": "variable",
          "magnitude": "\u00c2\u00b120\u00c2\u00b0R fluctuation",
          "progression": "rapid onset possible"
        },
        "P2_fan_inlet_psia": {
          "direction": "decrease",
          "magnitude": "1-3 psia below baseline",
          "progression": "gradual or sudden"
        },
        "Nf_fan_rpm": {
          "direction": "fluctuate",
          "magnitude": "increased variance",
          "progression": "vibration-induced"
        },
        "BPR_bypass_ratio": {
          "direction": "decrease",
          "magnitude": "10-20% below baseline",
          "progression": "efficiency loss"
        }
      },
      "typical_rul_cycles": {
        "early_stage": 200,
        "middle_stage": 100,
        "late_stage": 30
      },
      "source": "C-MAPSS FD003/FD004 failure patterns"
    }
  },
  "operating_conditions": {
    "condition_1": {
      "description": "Sea level, low thrust",
      "altitude_ft": 0,
      "mach_number": 0.0,
      "typical_T30_R": 1350,
      "typical_P30_psia": 200,
      "typical_Nf_rpm": 2100,
      "typical_Nc_rpm": 8200
    },
    "condition_2": {
      "description": "Cruise altitude, cruise thrust",
      "altitude_ft": 35000,
      "mach_number": 0.84,
      "typical_T30_R": 1400,
      "typical_P30_psia": 300,
      "typical_Nf_rpm": 2250,
      "typical_Nc_rpm": 8600
    },
    "condition_3": {
      "description": "Takeoff, maximum thrust",
      "altitude_ft": 0,
      "mach_number": 0.25,
      "typical_T30_R": 1550,
      "typical_P30_psia": 500,
      "typical_Nf_rpm": 2380,
      "typical_Nc_rpm": 9000
    }
  },
  "maintenance_schedule": {
    "inspection_intervals": {
      "a_check_cycles": 650,
      "b_check_cycles": 2500,
      "c_check_cycles": 7500,
      "overhaul_cycles": 20000
    },
    "monitoring_parameters": [
      "T30_hpc_outlet_R",
      "P30_hpc_outlet_psia",
      "epr_engine_pressure_ratio",
      "fuel_flow"
    ]
  },
  "validation_data": {
    "engines_analyzed": 260,
    "cycles_per_engine": "128-378 cycles",
    "healthy_baseline_cycles": 50,
    "degradation_analysis_cycles": 50,
    "data_quality": "complete, no missing values",
    "sensor_noise": "contaminated with realistic sensor noise"
  },
  "notes": [
    "Based on NASA C-MAPSS FD002 dataset with 260 engines",
    "Baseline extracted from first 50 cycles (healthy operation)",
    "Degradation patterns from RUL <= 50 cycles",
    "All temperatures in Rankine (\u00c2\u00b0R = \u00c2\u00b0F + 459.67)",
    "CFM56-7B widely used on Boeing 737 NG fleet",
    "Data represents various operating conditions (6 different profiles in FD002)"
  ]
}