{
  "architecture": "TVAE",
  "training_config": {
    "epochs": 300,
    "batch_size": 500,
    "cuda": true,
    "verbose": true,
    "encoder_dim": [
      128,
      128
    ],
    "decoder_dim": [
      128,
      128
    ],
    "compress_dims": [
      128,
      128
    ],
    "decompress_dims": [
      128,
      128
    ],
    "latent_dim": 128,
    "learning_rate": 0.001,
    "weight_decay": 1e-05,
    "loss_factor": 2,
    "log_frequency": true
  },
  "production_expectations": {
    "training_time_per_machine_minutes": 0.2,
    "total_training_time_20_machines_minutes": 4,
    "expected_quality_score": 0.91,
    "model_size_mb": 0.5,
    "total_storage_20_machines_mb": 10,
    "samples_per_machine": 5000,
    "total_synthetic_samples": 100000
  },
  "quality_thresholds": {
    "minimum_acceptable": 0.75,
    "good": 0.85,
    "excellent": 0.9,
    "action_on_failure": "retrain"
  },
  "deployment_plan": {
    "total_machines": 21,
    "training_order": "Sequential",
    "estimated_total_time_minutes": 4,
    "gpu_required": true,
    "storage_required_mb": 10
  }
}